original_pearson,original_rmse,original_mae,random_pearson_mean,random_pearson_std,top_pearson,delta_pearson_top,bottom_pearson,delta_pearson_bottom,prior_true_top_pearson,delta_pearson_prior_true_top,prior_random_top_pearson,delta_pearson_prior_random_top,delta_pearson_random,gap_pearson_top_vs_random,gap_pearson_top_vs_bottom,gap_pearson_prior_true_vs_random,gap_pearson_prior_true_vs_prior_random,random_rmse_mean,random_rmse_std,top_rmse,delta_rmse_top,bottom_rmse,delta_rmse_bottom,prior_true_top_rmse,delta_rmse_prior_true_top,prior_random_top_rmse,delta_rmse_prior_random_top,delta_rmse_random,gap_rmse_top_vs_random,gap_rmse_top_vs_bottom,gap_rmse_prior_true_vs_random,gap_rmse_prior_true_vs_prior_random,random_mae_mean,random_mae_std,top_mae,delta_mae_top,bottom_mae,delta_mae_bottom,prior_true_top_mae,delta_mae_prior_true_top,prior_random_top_mae,delta_mae_prior_random_top,delta_mae_random,gap_mae_top_vs_random,gap_mae_top_vs_bottom,gap_mae_prior_true_vs_random,gap_mae_prior_true_vs_prior_random,method_id,method_name,method_family,seed,fold,split_id,n_train,n_val,n_test,topk,mask_mode,random_repeats,device,runtime_seconds
0.2094772174605816,5.675349222536677,4.586731910705566,0.2138891303141568,0.04173489987810877,0.13509306190023523,0.07438415556034636,0.19383688297831186,0.01564033448226973,0.2285635828724059,-0.01908636541182432,0.21176132637851258,-0.002284108917930988,-0.004411912853575201,0.07879606841392156,0.05874382107807663,-0.014674452558249118,-0.01680225649389333,7.895205955961522,2.069072110759619,7.324952974954866,1.649603752418189,14.380226523200285,8.704877300663608,8.530265293197573,2.854916070660896,9.524284543862683,3.848935321326006,2.2198567334248454,-0.5702529810066563,-7.0552735482454185,0.6350593372360507,-0.9940192506651098,6.699871590051306,2.013358568773884,5.60946434664439,1.0227324359388232,13.255527852529502,8.668795941823936,6.9940888278455615,2.407356917139995,8.125949652798205,3.5392177420926387,2.11313967934574,-1.0904072434069167,-7.646063505885112,0.2942172377942551,-1.1318608249526436,M2_TRUE,Meta-GAT (true working-memory prior),meta_gat,0,0,seed00_fold00,279,50,83,10,both,20,cuda,5.668454170227051
0.4597075266961148,4.534442597944151,3.7540835070322793,0.4366209210163173,0.039524308914126026,0.38590548298279936,0.07380204371331545,0.35170586059641007,0.10800166609970474,0.3974811852959772,0.06222634140013761,0.43584827296231266,0.023859253733802155,0.023086605679797534,0.05071543803351791,-0.034199622386389295,0.039139735720340074,0.03836708766633545,5.657265681090517,1.086426055204364,6.086198856596649,1.5517562586524978,8.61245559509259,4.078012997148438,8.772233424697014,4.237790826752862,5.105570102515483,0.571127504571332,1.1228230831463657,0.4289331755061321,-2.52625673849594,3.1149677436064964,3.66666332218153,4.836198048993767,1.0554952604595256,5.275565400181047,1.5214818931487675,7.533205503440765,3.779121996408486,7.3469686163477155,3.592885109315436,4.459241131702101,0.7051576246698219,1.0821145419614875,0.43936735118728,-2.2576401032597184,2.5107705673539487,2.8877274846456142,M2_TRUE,Meta-GAT (true working-memory prior),meta_gat,0,1,seed00_fold01,279,50,83,10,both,20,cuda,4.688644647598267
0.2433395450829925,4.582587003913838,3.959106619765119,0.25114233146917087,0.01862254437571847,0.2645079626850443,-0.021168417602051792,0.24246225874104887,0.0008772863419436172,0.24398756107256392,-0.0006480159895714266,0.2593463708979275,-0.01600682581493501,-0.007802786386178373,-0.01336563121587342,-0.02204570394399541,0.0071547703966069465,0.015358809825363584,5.114675406679494,0.3645725043868431,6.649772815722874,2.0671858118090354,4.603058581647089,0.020471577733250257,6.142965895081128,1.5603788911672893,5.13666145097583,0.5540744470619918,0.5320884027656554,1.53509740904338,2.046714234075785,1.028290488401634,1.0063044441052975,3.9792006283271606,0.1200573331509846,5.044080455128739,1.0849738353636202,4.061344088577643,0.10223746881252405,4.525172187060845,0.5660655672957255,3.939335520674543,-0.019771099090576172,0.020094008562041576,1.0648798268015787,0.9827363665510962,0.545971558733684,0.5858366663863017,M2_TRUE,Meta-GAT (true working-memory prior),meta_gat,0,2,seed00_fold02,280,50,82,10,both,20,cuda,4.0156638622283936
0.3460353067271584,4.8554799043333645,4.104988330748023,0.34100646205190693,0.028631832623359017,0.2970876391947275,0.04894766753243085,0.352933544524206,-0.006898237797047624,0.2910381822100311,0.054997124517127294,0.3550266255398216,-0.00899131881266324,0.005028844675251443,0.04391882285717941,0.055845905329478474,0.04996827984187585,0.06398844332979053,5.380300895451503,0.6743599584658869,5.636175592249143,0.7806956879157783,4.840546127607073,-0.01493377672629137,6.759101546907424,1.903621642574059,5.368567710330912,0.5130878059975474,0.5248209911181387,0.2558746967976395,0.7956294646420696,1.3788006514559203,1.3905338365765116,4.3200007502625635,0.4764875001453969,4.159202040695563,0.05421370994753971,4.235462177090529,0.1304738463425057,4.897278064634742,0.7922897338867188,4.025179188425948,-0.07980914232207503,0.2150124195145402,-0.1607987095670005,-0.07626013639496598,0.5772773143721786,0.8720988762087938,M2_TRUE,Meta-GAT (true working-memory prior),meta_gat,0,3,seed00_fold03,280,50,82,10,both,20,cuda,3.796827793121338
0.1877755290951934,4.533609611116728,3.7794867608605363,0.18940986887929206,0.05665400106067978,0.2370706321282166,-0.0492951030330232,0.2054387591890232,-0.017663230093829807,0.025070472546401802,0.1627050565487916,0.2551559510168332,-0.06738042192163979,-0.0016343397840986595,-0.04766076324892454,-0.031631872939193395,0.16433939633289027,0.2300854784704314,5.432259999302761,1.1676258623606681,5.30704622287169,0.7734366117549616,7.102037501185423,2.568427890068695,8.076967706122893,3.543358095006165,4.376358194000194,-0.1572514171165338,0.8986503881860326,-0.125213776431071,-1.7949912783137334,2.6447077068201326,3.700609512122699,4.5473724278008065,0.929850114472563,4.727198426316424,0.9477116654558881,6.187014568142775,2.407527807282239,6.711264005521449,2.9317772446609127,3.5222547577648626,-0.2572320030956736,0.7678856669402703,0.17982599851561787,-1.4598161418263507,2.1638915777206424,3.1890092477565863,M2_TRUE,Meta-GAT (true working-memory prior),meta_gat,0,4,seed00_fold04,280,50,82,10,both,20,cuda,3.7244644165039062
0.36452537112529404,4.8216481012704735,4.045136543641608,0.333780133757762,0.036593465110616674,0.36585851885646137,-0.0013331477311673279,0.24702221480200307,0.11750315632329097,0.38999902102012696,-0.025473649894832917,0.35228598873740313,0.012239382387890907,0.03074523736753204,-0.03207838509869937,-0.1188363040544583,-0.05621888726236496,-0.037713032282723824,5.778198429260229,0.9237396711712725,5.100791077116143,0.2791429758456694,5.080961892019819,0.2593137907493457,8.208840047420694,3.38719194615022,5.351840739630796,0.5301926383603224,0.9565503279897554,-0.677407352144086,0.019829185096323698,2.4306416181604646,2.8569993077898976,4.659110467405204,0.5898191328255583,4.0314648639724915,-0.013671679669116088,4.448403898491917,0.4032673548503096,6.655153297516237,2.6100167538746293,4.129237025617117,0.08410048197550957,0.6139739237635968,-0.6276456034327129,-0.4169390345194257,1.9960428301110325,2.5259162718991197,M2_TRUE,Meta-GAT (true working-memory prior),meta_gat,1,0,seed01_fold00,279,50,83,10,both,20,cuda,3.8214452266693115
0.06750237085664823,4.985887905938494,4.2572556346295825,0.07613881928398576,0.04204815457876243,0.05962808041784618,0.00787429043880205,0.08962900118034303,-0.0221266303236948,0.05673515342229067,0.01076721743435756,0.09640470112352831,-0.028902330266880077,-0.008636448427337531,0.01651073886613958,0.03000092076249685,0.01940366586169509,0.03966954770123764,6.026345559444057,0.9726652624776122,7.727219602272376,2.741331696333882,5.548818024943376,0.5629301190048821,7.888160089656522,2.9022721837180283,5.270892743097467,0.28500483715897307,1.0404576535055634,1.7008740428283184,2.1784015773289997,1.861814530212465,2.6172673465590552,4.368214966302895,0.9388558044129766,6.15558881644743,1.898333181817848,5.085457031985364,0.8282013973557811,6.353748045771955,2.096492411142372,3.535290913409497,-0.7219647212200853,0.11095933167331218,1.7873738501445358,1.0701317844620668,1.98553307946906,2.8184571323624574,M2_TRUE,Meta-GAT (true working-memory prior),meta_gat,1,1,seed01_fold01,279,50,83,10,both,20,cuda,4.439224720001221
0.3280608049478143,4.616959093151297,3.822497298077839,0.31692470517560994,0.04641701734450915,0.35070271925740826,-0.022641914309593947,0.3566268661397636,-0.028566061191949266,0.1243380322996939,0.20372277264812041,0.3043847503795855,0.0236760545682288,0.011136099772204366,-0.03377801408179831,0.005924146882355319,0.19258667287591605,0.18004671807989162,5.816893289645236,1.240101935867812,5.72535994679734,1.1084008536460432,6.3974585133716255,1.7804994202203286,8.136542715468988,3.5195836223176906,5.038740772465869,0.4217816793145719,1.1999341964939392,-0.09153334284789594,-0.6720985665742853,2.3196494258237514,3.0978019430031187,4.664523978931148,1.0297963372940042,4.253751080210616,0.4312537821327771,5.609983909420851,1.7874866113430121,6.597815490350491,2.7753181922726515,3.8821211675318277,0.059623869453988565,0.8420266808533086,-0.41077289872053147,-1.356232829210235,1.933291511419343,2.715694322818663,M2_TRUE,Meta-GAT (true working-memory prior),meta_gat,1,2,seed01_fold02,280,50,82,10,both,20,cuda,3.260340452194214
0.4000063308269194,4.667435658525799,3.9282565465787562,0.3326851614458289,0.06978227551063815,0.33179164138140854,0.06821468944551085,0.38626078453738494,0.01374554628953445,0.21834737468740173,0.18165895613951766,0.2421857627896066,0.1578205680373128,0.0673211693810905,0.0008935200644203389,0.054469143155976396,0.11433778675842715,0.02383838810220487,6.197635808842856,1.4199741505196422,4.913245559647011,0.2458099011212127,7.5116352110699225,2.844199552544124,6.433988643054757,1.7665529845289587,5.101346827856748,0.4339111693309494,1.5302001503170573,-1.2843902491958445,-2.5983896514229112,0.23635283421190145,1.3326418151980093,5.252918746413254,1.240576313835327,4.282756386733636,0.35449984015488,6.404303422788295,2.4760468762095384,4.9892713732835725,1.0610148267048163,4.442966728675656,0.5147101820968998,1.3246621998344978,-0.9701623596796178,-2.1215470360546584,-0.26364737312968156,0.5463046446079165,M2_TRUE,Meta-GAT (true working-memory prior),meta_gat,1,3,seed01_fold03,280,50,82,10,both,20,cuda,3.81943678855896
0.11440634039953892,4.682623665614235,3.977621136642084,0.13739865568139925,0.02500607072893297,0.17555331568336527,-0.061146975283826344,0.059941392866138095,0.05446494753340083,0.14659330119429692,-0.032186960794757996,0.1302530287605321,-0.015846688360993177,-0.022992315281860326,-0.03815466000196602,-0.11561192281722718,-0.00919464551289767,-0.01634027243376482,5.6767917237880035,0.7404209155460204,6.964474078230338,2.2818504126161026,5.400843651751761,0.7182199861375258,6.619186145640553,1.9365624800263177,5.905697540920833,1.2230738753065982,0.9941680581737682,1.2876823544423344,1.5636304264785768,0.9423944218525495,0.7134886047197195,4.362904705070869,0.5523576243647418,5.378852239469203,1.401231102827119,4.783714736380229,0.8060935997381447,5.030734108715523,1.0531129720734387,4.446018730721822,0.46839759407973824,0.38528356842878475,1.0159475343983342,0.5951375030889743,0.6678294036446539,0.5847153779937004,M2_TRUE,Meta-GAT (true working-memory prior),meta_gat,1,4,seed01_fold04,280,50,82,10,both,20,cuda,3.944817066192627
0.331807702587289,4.649629313542564,3.6495462555483162,0.28779395183178996,0.05835148549622201,0.29302383756921957,0.03878386501806941,0.1914463370679681,0.14036136551932088,0.15276190123028568,0.1790458013570033,0.36547889852852655,-0.033671195941237575,0.044013750755499015,-0.005229885737429607,-0.10157750050125147,0.13503205060150428,0.21271699729824087,5.726144977575059,1.3812526231125137,5.181876498563349,0.5322471850207844,9.36990074434297,4.720271430800406,9.877512483922617,5.227883170380053,4.941669817847838,0.29204050430527406,1.0765156640324944,-0.54426847901171,-4.188024245779622,4.151367506347558,4.9358426660747785,4.8468262040471455,1.234093739805503,3.7863751147166793,0.13682885916836307,8.32493529262313,4.6753890370748135,8.626684717385166,4.97713846183685,3.6175763348498977,-0.03196992069841853,1.1972799484988292,-1.0604510893304662,-4.538560177906451,3.7798585133380205,5.009108382535269,M2_TRUE,Meta-GAT (true working-memory prior),meta_gat,2,0,seed02_fold00,279,50,83,10,both,20,cuda,3.8791604042053223
0.31482635841942613,4.90749828750169,4.231708009558988,0.2475672146041111,0.028443427908280586,0.3197192584651274,-0.004892900045701254,0.2744708586759163,0.040355499743509826,0.2972278218699382,0.017598536549487953,0.2886474790584357,0.026178879360990448,0.06725914381531503,-0.07215204386101629,-0.04524839978921108,-0.04966060726582708,-0.008580342811502495,8.271797359650616,2.4764673686434913,5.9767646093683515,1.0692663218666612,9.459515232524433,4.552016945022743,6.629126900532507,1.7216286130308163,5.735064951355637,0.827566663853947,3.364299072148926,-2.2950327502822647,-3.4827506231560816,-1.6426704591181096,0.8940619491768693,7.271683785427048,2.3738299599627455,5.044161532298628,0.8124535227396406,8.288011137261448,4.05630312770246,5.158048262079078,0.9263402525200908,4.895210312073489,0.6635023025145017,3.0399757758680606,-2.22752225312842,-3.2438496049628194,-2.11363552334797,0.26283795000558907,M2_TRUE,Meta-GAT (true working-memory prior),meta_gat,2,1,seed02_fold01,279,50,83,10,both,20,cuda,4.20490837097168
0.09784694003328204,6.145042914223641,4.935619354248047,0.08280566994693826,0.046969324123020066,-0.04535128036190218,0.1431982203951842,0.036663194538100324,0.06118374549518171,0.10432667507721669,-0.006479735043934648,0.13912992701090465,-0.041282986977622615,0.015041270086343775,0.12815695030884044,0.0820144749000025,-0.021521005130278423,0.03480325193368797,8.726789602799919,3.016273139712714,10.621036888865818,4.4759939746421775,6.895499361418375,0.7504564471947344,10.684295003028602,4.539252088804961,12.898558217565283,6.753515303341642,2.5817466885762776,1.8942472860658999,3.725537527447443,1.9575054002286834,-2.2142632145366807,7.352213110574861,3.1289772321733973,8.958113740130168,4.022494385882121,5.293318166965392,0.35769881271734505,9.27364388907828,4.338024534830232,11.779091160471847,6.8434718062238,2.4165937563268143,1.6059006295553067,3.664795573164776,1.9214307785034181,-2.5054472713935674,M2_TRUE,Meta-GAT (true working-memory prior),meta_gat,2,2,seed02_fold02,280,50,82,10,both,20,cuda,3.916618824005127
0.17221116113251989,4.647680597677838,3.96675301761162,0.14362120474333667,0.03097465372358247,0.08809012131626828,0.0841210398162516,0.21682857957885832,-0.04461741844633843,0.0008056112849013052,0.17140554984761858,0.16349261603990217,0.008718545092617713,0.028589956389183213,0.05553108342706839,0.12873845826259003,0.14281559345843536,0.16268700475500086,4.841384262720195,0.1680585425175842,5.408830422829491,0.7611498251516524,4.600055525959228,-0.047625071718609746,5.114050375902394,0.46636977822455616,4.703329113890945,0.055648516213106625,0.19370366504235648,0.5674461601092959,0.8087748968702622,0.2726661131821997,0.41072126201144954,3.762242390469807,0.036274872770066136,3.9774988686166157,0.01074585100499581,3.762967342283668,-0.2037856753279521,3.8367999239665704,-0.12995309364504948,3.716918433584818,-0.24983458402680192,-0.20451062714181312,0.21525647814680893,0.21453152633294792,0.07455753349676364,0.11988149038175244,M2_TRUE,Meta-GAT (true working-memory prior),meta_gat,2,3,seed02_fold03,280,50,82,10,both,20,cuda,3.0124192237854004
0.12453376655986965,4.745097110222525,3.8655981203404868,0.12574301246489222,0.011951506452068212,0.1164394897792422,0.008094276780627449,0.1290866393511544,-0.004552872791284732,0.09847732445846138,0.02605644210140827,0.13280608654715567,-0.008272319987286017,-0.0012092459050225685,0.009303522685650017,0.01264714957191218,0.027265688006430838,0.03432876208869429,5.189102184980443,0.2980837426579437,6.176953591446783,1.4318564812242585,4.894141630904349,0.14904452068182383,5.55666037200096,0.811563261778435,5.12455261857465,0.37945550835212494,0.44400507475791784,0.9878514064663406,1.2828119605424346,0.3675581870205171,0.43210775342631,3.955207253665459,0.15272626512928836,4.554280909096322,0.6886827887558353,3.8357378331626335,-0.029860287177853273,4.089665785068419,0.2240676647279325,3.90670222770877,0.041104107368283405,0.08960913332497222,0.5990736554308631,0.7185430759336886,0.13445853140296027,0.1829635573596491,M2_TRUE,Meta-GAT (true working-memory prior),meta_gat,2,4,seed02_fold04,280,50,82,10,both,20,cuda,3.312253713607788
0.3854172124836659,4.650336061010083,3.948905163500682,0.35125651840173067,0.030260397294309543,0.36071865002508513,0.024698562458580764,0.3126609022648008,0.07275631021886508,0.22262955443709845,0.16278765804656745,0.4054703776540478,-0.020053165170381915,0.03416069408193523,-0.009462131623354464,-0.04805774776028432,0.12862696396463222,0.18284082321694936,6.7723294477211144,2.179154103337418,4.9355514901936814,0.2852154291835989,9.336285160396066,4.685949099385984,8.884401008620697,4.234064947610615,5.67081200315934,1.0204759421492575,2.121993386711032,-1.836777957527433,-4.400733670202385,2.112071560899583,3.2135890054613574,5.912129233831383,2.07668205004218,4.290750629930611,0.34184546642992863,8.284998307745141,4.336093144244459,7.434872431927417,3.4859672684267347,4.98709613156606,1.0381909680653774,1.9632240703307007,-1.621378603900772,-3.9942476778145304,1.522743198096034,2.4477763003613573,M2_TRUE,Meta-GAT (true working-memory prior),meta_gat,3,0,seed03_fold00,279,50,83,10,both,20,cuda,3.327463150024414
0.12691087552219965,5.233278916904074,4.541147335466132,0.11170684887838703,0.0391565668186691,0.1805608082889869,-0.053649932766787256,0.06289417798776938,0.06401669753443028,0.06945569078334915,0.0574551847388505,0.13734698592083955,-0.010436110398639897,0.015204026643812624,-0.06885395941059988,-0.11766663030121753,0.04225115809503788,0.0678912951374904,6.689276533383348,1.3314482968519246,5.008057467488032,-0.2252214494160416,9.504065768601839,4.270786851697765,8.144201917464343,2.9109230005602695,5.876478667954159,0.6431997510500853,1.4559976164792738,-1.6812190658953154,-4.496008301113807,1.4549253840809957,2.2677232495101842,5.668184695760887,1.2226691409505233,3.9821690938558922,-0.5589782416102396,8.226489411779196,3.6853420763130647,6.547203592507236,2.006056257041104,5.241401247231357,0.7002539117652251,1.1270373602947554,-1.686015601904995,-4.244320317923304,0.8790188967463486,1.305802345275879,M2_TRUE,Meta-GAT (true working-memory prior),meta_gat,3,1,seed03_fold01,279,50,83,10,both,20,cuda,3.768526077270508
0.28378032510166784,4.8297472544277715,4.079572747393352,0.28410936436502754,0.013703782446524357,0.26480419780933806,0.01897612729232978,0.2877716964789565,-0.003991371377288666,0.2641947500512409,0.019585575050426962,0.2752852108839138,0.008495114217754063,-0.00032903926335969835,0.01930516655568948,0.022967498669618447,0.01991461431378666,0.0110904608326729,5.258983365879963,0.17072681896516267,5.7084530214849725,0.8787057670572009,4.918410245731798,0.08866299130402666,5.506842444617687,0.6770951901899158,5.091154562624973,0.26140730819720126,0.42923611145219187,0.44946965560500907,0.7900427757531743,0.24785907873772395,0.41568788199271456,4.168027611476619,0.06612364665287916,4.372526820113019,0.29295407271966667,4.081342929747047,0.0017701823536944161,4.2754103032554065,0.1958375558620542,4.104202596152701,0.024629848759349038,0.08845486408326675,0.20449920863639992,0.29118389036597225,0.10738269177878745,0.17120770710270516,M2_TRUE,Meta-GAT (true working-memory prior),meta_gat,3,2,seed03_fold02,280,50,82,10,both,20,cuda,3.2029123306274414
0.42572232417859224,4.640887686587952,3.786890948691019,0.41898240374614193,0.030417982959222024,0.4050953936869459,0.020626930491646323,0.37480685593452845,0.05091546824406379,0.4973570369770306,-0.07163471279843836,0.37149601457852754,0.05422630960006469,0.006739920432450308,0.013887010059196014,-0.030288537752417466,-0.07837463323088867,-0.12586102239850305,5.5427876013156885,0.8569231830920939,6.017370973057281,1.3764832864693286,6.253926586005836,1.6130388994178837,7.347489924260682,2.7066022376727297,5.503860909034936,0.8629732224469837,0.9018999147277365,0.47458337174159215,-0.2365556129485551,1.8047023229449932,1.843629015225746,4.367538400975669,0.6343050791793867,4.47676433004984,0.6898733813588209,5.458962603313167,1.672071654622148,5.639369336570182,1.8524783878791626,4.067505859747166,0.28061491105614644,0.5806474522846501,0.10922592907417084,-0.982198273263327,1.2718309355945125,1.5718634768230162,M2_TRUE,Meta-GAT (true working-memory prior),meta_gat,3,3,seed03_fold03,280,50,82,10,both,20,cuda,3.2896149158477783
0.28695379514608754,4.393359653837425,3.701307680548691,0.23187952936214287,0.07072326343337834,0.29961847473006586,-0.012664679583978322,0.17957515925595696,0.10737863589013058,0.23678057344924897,0.05017322169683858,0.22680288824292608,0.060150906903161466,0.05507426578394467,-0.06773894536792299,-0.1200433154741089,-0.004901044087106093,-0.00997768520632289,5.252840785266913,0.9413719505372821,4.309678951741902,-0.08368070209552325,10.596723210128467,6.203363556291041,7.149523315459908,2.756163661622483,4.52473632710169,0.13137667326426428,0.8594811314294875,-0.9431618335250107,-6.287044258386564,1.8966825301929955,2.6247869883582187,4.424161928456003,0.9921601953521534,3.5777345866691777,-0.12357309387951343,9.693650175885457,5.992342495336766,5.70195426010504,2.0006465795563493,3.944344032101515,0.24303635155282377,0.7228542479073123,-0.8464273417868258,-6.1159155892162795,1.277792331649037,1.7576102280035255,M2_TRUE,Meta-GAT (true working-memory prior),meta_gat,3,4,seed03_fold04,280,50,82,10,both,20,cuda,3.7521276473999023
0.21870906065820406,4.778013492912298,4.083354949951172,0.22423615145440046,0.014833040644887864,0.22931002697053027,-0.01060096631232621,0.23066020152780264,-0.011951140869598587,0.18674134159723332,0.031967719060970734,0.20396100611466206,0.014748054543542,-0.005527090796196399,-0.005073875516129811,0.0013501745572723767,0.03749480985716713,0.017219664517428734,4.767949964213262,0.030021218102076093,4.844787900599702,0.0667744076874035,4.7211479464693715,-0.05686554644292663,4.908242369865623,0.13022887695332486,4.731782707699795,-0.046230785212503456,-0.010063528699036262,0.07683793638643976,0.12363995413033013,0.14029240565236112,0.1764596621658283,3.830771428418447,0.08272001051740879,3.7649693546524965,-0.3183855952986754,3.873342031455902,-0.21001291849526993,3.765393199690853,-0.3179617502603187,3.900918891630977,-0.18243605832019494,-0.252583521532725,-0.06580207376595038,-0.10837267680340545,-0.06537822872759369,-0.13552569194012376,M2_TRUE,Meta-GAT (true working-memory prior),meta_gat,4,0,seed04_fold00,279,50,83,10,both,20,cuda,3.354588747024536
0.16867898742173668,4.835025353509267,4.048140364957143,0.15485355942390672,0.051907502441830365,0.07386248607552437,0.0948165013462123,0.1344078426602805,0.03427114476145618,0.24907245396363806,-0.08039346654190138,0.18298388945450536,-0.014304902032768685,0.013825427997829959,0.08099107334838235,0.06054535658475613,-0.09421889453973134,-0.0660885645091327,5.412827605633121,0.908724498124009,9.647638241380248,4.812612887870981,7.913582677087762,3.0785573235784947,7.86639931173608,3.031373958226813,4.684184468107348,-0.15084088540191942,0.5778022521238535,4.234810635747127,1.7340555642924862,2.4535717061029594,3.1822148436287323,4.453473963220436,0.9045297360280884,8.572075901261295,4.523935536304152,6.9022392020168075,2.8540988370596647,6.377819153199713,2.3296787882425702,3.948549569371235,-0.09959079558590789,0.40533359826329285,4.118601938040859,1.6698366992444873,1.9243451899792774,2.429269583828478,M2_TRUE,Meta-GAT (true working-memory prior),meta_gat,4,1,seed04_fold01,279,50,83,10,both,20,cuda,4.262786388397217
0.3284899490870736,4.971573209066457,4.248497346552407,0.2969166454661737,0.031685319844066785,0.31953310524688017,0.008956843840193407,0.29245940534856674,0.03603054373850684,0.22315612783371985,0.10533382125335372,0.27735846978531487,0.05113147930175871,0.031573303620899884,-0.022616459780706477,-0.02707369989831343,0.07376051763245384,0.05420234195159501,5.346168293458229,0.29752900718282455,5.88917791260796,0.9176047035415031,5.503471687754083,0.5318984786876264,6.191528026281349,1.2199548172148917,5.231606146764617,0.2600329376981598,0.374595084391772,0.5430096191497311,0.38570622485387673,0.8453597328231197,0.9599218795167319,4.28633846015465,0.17683920725644425,4.342593518699088,0.09409617214668131,4.933221223877697,0.6847238773252906,4.52911746792677,0.2806201213743629,4.202524487565204,-0.04597285898720305,0.037841113602243404,0.05625505854443791,-0.5906277051786093,0.24277900777211947,0.3265929803615659,M2_TRUE,Meta-GAT (true working-memory prior),meta_gat,4,2,seed04_fold02,280,50,82,10,both,20,cuda,4.00422739982605
0.2664588849565093,4.925492179640734,4.0677371606594175,0.2527715690239184,0.0354843030989462,0.2327161381714983,0.03374274678501102,0.2774285687341551,-0.010969683777645789,0.22479088091926477,0.04166800403724455,0.2613720068420161,0.00508687811449321,0.013687315932590927,0.020055430852420092,0.04471243056265681,0.027980688104653623,0.03658112592275134,6.594765980501362,1.4766283582793704,10.44995572169811,5.524463542057377,4.8185740699296,-0.1069181097111338,10.430678830559014,5.50518665091828,6.305307791250753,1.3798156116100193,1.669273800860628,3.8551897411967486,5.6313816517685105,3.8359128500576523,4.125371039308261,5.316321226445639,1.2492169259663204,9.243304717831496,5.175567557172078,4.279674355576678,0.21193719491726082,9.228586917970238,5.160849757310821,4.725832939147949,0.6580957784885317,1.248584065786222,3.9269834913858563,4.9636303622548175,3.912265691524599,4.502753978822289,M2_TRUE,Meta-GAT (true working-memory prior),meta_gat,4,3,seed04_fold03,280,50,82,10,both,20,cuda,4.13166069984436
0.30418284544898444,4.4097963887309515,3.698211355907161,0.2601027306761301,0.04240604589269985,0.25611050706361754,0.0480723383853669,0.29750281000994516,0.006680035439039278,0.14604600964804937,0.15813683580093507,0.32078872210574794,-0.016605876656763496,0.04408011477285434,0.003992223612512558,0.04139230294632762,0.11405672102808073,0.17474271245769857,5.159814710812229,0.5933223511227487,5.266824905091806,0.8570285163608542,4.4128252866210325,0.0030288978900809838,6.342314092671374,1.9325177039404222,5.522242385344467,1.1124459966135154,0.7500183220812779,0.10701019427957625,0.8539996184707732,1.1824993818591443,0.8200717073269068,4.016955222153082,0.35858110177801716,3.9865248145126717,0.2883134586055105,3.807783685079435,0.10957232917227389,4.78279234723347,1.084580991326309,4.098229175660668,0.4000178197535069,0.31874386624592077,-0.030430407640410273,0.1787411294332366,0.7658371250803881,0.684563171572802,M2_TRUE,Meta-GAT (true working-memory prior),meta_gat,4,4,seed04_fold04,280,50,82,10,both,20,cuda,3.1498334407806396
0.29799838528629796,4.573976889763543,3.7968176646404954,0.29200636900481,0.03290315429690647,0.2535761370041876,0.04442224828211039,0.306070885475186,-0.008072500188888054,0.28038946511441454,0.017608920171883424,0.30212962075023386,-0.004131235463935901,0.0059920162814879885,0.0384302320006224,0.05249474847099844,0.011616903890395436,0.021740155635819325,5.442956953058458,0.7211720198486562,6.466606843400288,1.892629953636745,4.5398705078200035,-0.03410638194353943,8.156489272460632,3.5825123826970895,5.665737922103767,1.0917610323402238,0.8689800632949147,1.0236498903418303,1.9267363355802845,2.7135323194021748,2.4907513503568657,4.185784290497562,0.4597178953532862,4.863986302571124,1.0671686379306289,3.8320275961634622,0.03520993152296681,6.737903434109975,2.9410857694694794,4.226234780736716,0.4294171160962206,0.38896662585706654,0.6782020120735623,1.031958706407662,2.552119143612413,2.511668653373259,M2_TRUE,Meta-GAT (true working-memory prior),meta_gat,5,0,seed05_fold00,279,50,83,10,both,20,cuda,3.2958359718322754
0.3943342715830528,4.670762037230992,4.0551097479211275,0.39720507185079756,0.028861039801071554,0.3830264420565338,0.011307829526518987,0.3669170654914966,0.02741720609155618,0.34306352511785854,0.05127074646519425,0.3756050284340495,0.01872924314900326,-0.0028708002677447775,0.014178629794263764,-0.016109376565037192,0.05414154673293903,0.03254150331619099,4.991385669158717,0.3899635625034851,4.943922025441667,0.2731599882106748,5.34932993623513,0.6785678990041379,5.435781765451663,0.765019728220671,4.676635570658538,0.0058735334275459294,0.3206236319277247,-0.04746364371704992,-0.40540791079346317,0.4443960962929463,0.7591461947931251,4.019017027085086,0.30410757153331625,3.884587322372988,-0.17052242554813946,4.7835573288331545,0.728447580912027,4.043631036597562,-0.011478711323565705,3.9825708090540872,-0.07253893886704033,-0.036092720836041536,-0.13442970471209792,-0.8989700064601664,0.024614009512475832,0.06106022754347462,M2_TRUE,Meta-GAT (true working-memory prior),meta_gat,5,1,seed05_fold01,279,50,83,10,both,20,cuda,3.879572868347168
0.37214877838588445,4.555760235568909,3.8194094169430617,0.3537146632615242,0.046869921556160384,0.36329263139771983,0.008856146988164615,0.30860959212885497,0.06353918625702948,0.4419592381737348,-0.06981045978785033,0.3417395714479418,0.030409206937942634,0.018434115124360273,-0.009577968136195658,-0.054683039268864864,-0.0882445749122106,-0.10021966672579297,5.0600730970499095,0.6635815076423085,6.440755271627948,1.8849950360590393,5.522498036098409,0.9667378005295006,7.445383424018996,2.889623188450088,4.8682699528840425,0.3125097173151339,0.5043128614810009,1.3806821745780384,0.9182572355295386,2.385310326969087,2.577113471134954,4.1568069905769525,0.4261324720832269,4.895040419043564,1.0756310021005024,4.8049110552159755,0.9855016382729138,5.974282101887028,2.1548726849439666,3.9151001674372976,0.09569075049423592,0.3373975736338908,0.7382334284666117,0.09012936382758863,1.8174751113100758,2.0591819344497306,M2_TRUE,Meta-GAT (true working-memory prior),meta_gat,5,2,seed05_fold02,280,50,82,10,both,20,cuda,3.97735333442688
0.21649541392384822,4.93125205723964,4.1510583249534045,0.20388010259550157,0.03119961658851426,0.24371821382100967,-0.027222799897161448,0.15554735608041811,0.0609480578434301,0.16991229134888952,0.046583122574958696,0.208456359224445,0.00803905469940322,0.012615311328346646,-0.039838111225508094,-0.08817085774059155,0.03396781124661205,0.03854406787555548,8.132455581322578,2.0258392247040296,6.542072615937084,1.6108205586974433,11.065643105740717,6.134391048501077,5.758150891775742,0.8268988345361015,8.735590915165133,3.804338857925493,3.2012035240829375,-1.5903829653854942,-4.5235704898036335,-2.374304689546836,-2.9774400233893914,7.198749799844696,1.8849010404715794,5.767465056442633,1.6164067314892288,10.03899578931855,5.887937464365145,4.193147496479313,0.04208917152590885,7.682315442620254,3.5312571176668497,3.047691474891291,-1.4312847434020624,-4.271530732875917,-3.0056023033653823,-3.489167946140941,M2_TRUE,Meta-GAT (true working-memory prior),meta_gat,5,3,seed05_fold03,280,50,82,10,both,20,cuda,3.8410372734069824
0.33736899432632383,4.930684719768462,4.170951296643513,0.21494264967386845,0.06610186023576002,0.34979149797457987,-0.012422503648256034,0.1816259970049242,0.15574299732139962,0.25176660204507334,0.0856023922812505,0.30956647678565963,0.027802517540664207,0.12242634465245539,-0.13484884830071142,-0.16816550096965566,-0.03682395237120489,0.05779987474058629,6.55208775367953,1.9261347954304795,13.784831963269815,8.854147243501352,9.208453098108075,4.277768378339613,14.688088974179811,9.757404254411348,8.017466408979226,3.0867816892107642,1.6214030339110677,7.232744209590284,4.576378865161739,8.13600122050028,6.670622565200584,5.4189839915531435,1.8902388093512659,12.933893064173256,8.762941767529743,8.142477779853635,3.9715264832101225,13.832055464023497,9.661104167379985,6.46857340742902,2.2976221107855075,1.2480326949096305,7.514909072620112,4.79141528431962,8.413071472470355,7.363482056594478,M2_TRUE,Meta-GAT (true working-memory prior),meta_gat,5,4,seed05_fold04,280,50,82,10,both,20,cuda,5.198458909988403
0.3788753840377603,4.477027995627184,3.727340296090367,0.3410613457454404,0.04053941454828294,0.2937706882509147,0.0851046957868456,0.45118036872963097,-0.07230498469187069,0.2813273986189893,0.09754798541877097,0.30025821127266905,0.07861717276509123,0.037814038292319885,0.04729065749452571,0.15740968047871629,0.05973394712645108,0.01893081265367974,5.5978022491464605,1.1903826432763667,9.393951017887865,4.916923022260681,6.8262276327384805,2.3491996371112966,7.5295681690783205,3.0525401734511366,5.801103050416162,1.3240750547889784,1.1207742535192766,3.7961487687414044,2.5677233851493844,1.93176591993186,1.7284651186621582,4.617297978573534,1.1643410687201325,8.20427182209061,4.476931526000242,6.04000347780894,2.312663181718573,6.034943707018013,2.307603410927646,4.283551962978868,0.5562116668885011,0.8899576824831668,3.5869738435170753,2.164268344281669,1.4176457284444792,1.7513917440391449,M2_TRUE,Meta-GAT (true working-memory prior),meta_gat,6,0,seed06_fold00,279,50,83,10,both,20,cuda,3.376901865005493
0.45483738841367766,4.5162950132397075,3.823972644576107,0.2725576547863714,0.13434213651227148,0.3684437682457057,0.08639362016797197,0.2878785098591954,0.16695887855448227,0.2422214629792992,0.21261592543437846,0.09176321492043463,0.363074173493243,0.18227973362730626,-0.09588611345933429,-0.0805652583865103,0.0303361918070722,-0.15045824805886454,7.210052734083172,2.2028124388837824,4.993603068431205,0.47730805519149744,12.522856756818403,8.006561743578695,7.8252006885311856,3.308905675291478,7.048164087607164,2.5318690743674566,2.6937577208434647,-2.216449665651967,-7.529253688387198,0.6151479544480134,0.7770366009240215,6.209740368716689,2.099936872906196,4.054253532225827,0.23028088764972,11.537764847996723,7.713792203420615,6.207937975963914,2.3839653313878073,6.008360518030374,2.1843878734542668,2.385767724140582,-2.155486836490862,-7.483511315770896,-0.0018023927527748285,0.19957745793354054,M2_TRUE,Meta-GAT (true working-memory prior),meta_gat,6,1,seed06_fold01,279,50,83,10,both,20,cuda,3.3594727516174316
0.3629238392637578,4.758021792803267,4.0621221705180846,0.35793903600318305,0.026150636486741166,0.37464260793817356,-0.011718768674415736,0.3578834951635573,0.0050403441002005445,0.3364688693423024,0.026454969921455407,0.3545757065051012,0.008348132758656646,0.004984803260574766,-0.016703571934990502,-0.01675911277461628,0.02147016666088064,0.01810683716279876,6.374406543214983,0.6868481451879361,9.816226282151188,5.058204489347921,4.90985821691061,0.15183642410734333,8.497172556503251,3.7391507636999846,6.03525449414839,1.277232701345123,1.616384750411716,3.4418197389362053,4.906368065240578,2.1227660132882686,2.4619180623548615,4.972895793216984,0.5285872399396442,8.53046079961265,4.468338629094565,4.373601611067609,0.31147944054952426,7.00237839396407,2.940256223445985,4.57085360550299,0.508731434984905,0.9107736226988994,3.5575650063956656,4.156859188545041,2.0294826007470856,2.43152478846108,M2_TRUE,Meta-GAT (true working-memory prior),meta_gat,6,2,seed06_fold02,280,50,82,10,both,20,cuda,3.0616612434387207
0.21620941685415124,4.701507121297302,3.8287720447633324,0.19792672496050656,0.03196819121335604,0.18996620405356923,0.026243212800582005,0.2078091124949786,0.008400304359172633,0.08805007266968959,0.12815934418446165,0.20913701088599396,0.00707240596815728,0.018282691893644676,0.00796052090693733,0.017842908441409372,0.10987665229081697,0.12108693821630437,7.729628871288645,2.4039383286407787,4.578643909503242,-0.12286321179406023,12.594200801663229,7.892693680365927,10.150296507872994,5.448789386575692,6.279872637023995,1.5783655157266923,3.0281217499913424,-3.1509849617854027,-8.015556892159987,2.4206676365843496,3.8704238708489997,6.813187118855919,2.400906783753813,3.6566093491344915,-0.1721626956288409,11.77732261797277,7.948550573209437,9.046561520274093,5.21778947551076,5.530692751814679,1.7019207070513467,2.9844150740925866,-3.1565777697214275,-8.120713268838278,2.233374401418174,3.5158687684594137,M2_TRUE,Meta-GAT (true working-memory prior),meta_gat,6,3,seed06_fold03,280,50,82,10,both,20,cuda,4.696131229400635
0.1594761768432259,5.186259278740891,4.621328656266376,0.14035341340634183,0.012983214729204894,0.12677431253783503,0.032701864305390876,0.1531773582747399,0.006298818568485992,0.1256043842626512,0.03387179258057471,0.15412386119804328,0.005352315645182626,0.01912276343688407,0.013579100868506805,0.026403045736904884,0.01474902914369064,0.028519476935392085,5.502265508315118,0.501350531013178,5.858981254128048,0.672721975387157,5.027142343248194,-0.15911693549269756,6.70308255223956,1.5168232734986686,5.221209806100341,0.0349505273594497,0.31600622957422697,0.35671574581293,0.8318389108798545,1.2008170439244417,1.481872746139219,4.207372746816496,0.24789393783121283,4.163132109293124,-0.45819654697325163,4.33385308195905,-0.28747557430732584,4.762191330514303,0.1408626742479271,3.942985325324826,-0.6783433309415496,-0.4139559094498795,-0.04424063752337215,-0.17072097266592579,0.5548185836978066,0.8192060051894767,M2_TRUE,Meta-GAT (true working-memory prior),meta_gat,6,4,seed06_fold04,280,50,82,10,both,20,cuda,4.260236740112305
0.25185799288895805,4.834283103527496,4.194979380412274,0.2557197427149595,0.021207138506408908,0.18566829417303457,0.06618969871592348,0.2636865503638079,-0.011828557474849843,0.22931911990485532,0.02253887298410273,0.23363230043836267,0.018225692450595382,-0.0038617498260014593,0.07005144854192494,0.07801825619077332,0.02640062281010419,0.004313180533507349,4.934147210542088,0.0890419435114429,5.271676970515512,0.43739386698801574,4.845070257724471,0.010787154196974846,4.9315643412727574,0.09728123774526143,4.850902920918151,0.0166198173906551,0.09986410701459203,0.3375297599734237,0.4266067127910409,-0.002582869269330601,0.08066142035460633,4.101094406771372,0.017467013016101977,4.16069662714579,-0.034282753266484,4.186632167862122,-0.00834721255015225,4.098556357693959,-0.09642302271831493,4.110255574605551,-0.08472380580672301,-0.0938849736409022,0.0596022203744182,-0.02593554071633175,-0.0025380490774127296,-0.011699216911591925,M2_TRUE,Meta-GAT (true working-memory prior),meta_gat,7,0,seed07_fold00,279,50,83,10,both,20,cuda,3.2130255699157715
0.23598184866633115,4.67865027904046,3.8841146101434547,0.20979690141360754,0.031895263577652155,0.18602698167996645,0.0499548669863647,0.21342151769443016,0.022560330971900994,0.18349966015623215,0.052482188510099004,0.2435031434283923,-0.007521294762061148,0.026184947252723606,0.023769919733641093,0.027394536014463705,0.026297241257375398,0.06000348327216015,5.43678570487695,1.0714786409352526,4.713824039935403,0.03517376089494295,6.502253924423315,1.823603645382855,7.666248666817608,2.9875983877771475,4.669017016531584,-0.009633262508875973,0.7581354258364899,-0.7229616649415469,-1.788429884487912,2.2294629619406576,2.9972316502860235,4.526504931966942,1.0064939001183728,4.1229570687535295,0.2388424586100748,5.6594130964164275,1.7752984862729728,6.120836395815195,2.23672178567174,3.806449729275991,-0.07766488086746381,0.6423903218234872,-0.4035478632134124,-1.536456027662898,1.5943314638482526,2.3143866665392037,M2_TRUE,Meta-GAT (true working-memory prior),meta_gat,7,1,seed07_fold01,279,50,83,10,both,20,cuda,4.576505661010742
0.2639352823022588,5.187777637690156,4.36647311652579,0.23802665880427906,0.040212456573826987,0.19260583921869684,0.07132944308356198,0.21219680571730032,0.051738476584958504,0.2634894333707267,0.00044584893153210015,0.30393158635563666,-0.03999630405337784,0.02590862349797976,0.04542081958558222,0.01959096649860348,-0.02546277456644766,0.04044215298490994,6.349930123409303,1.5885588890515177,5.70120234713432,0.5134247094441635,8.367825344808068,3.180047707117912,8.159566949065683,2.9717893113755265,5.0082713131504555,-0.17950632453970083,1.1621524857191465,-0.648727776274983,-2.6666229976737483,1.80963682565638,3.1512956359152273,5.386670227748591,1.4339839254096238,4.383319622132836,0.016846505607046147,7.17135507304494,2.80488195651915,6.444060255841511,2.077587139315721,4.274182773217922,-0.09229034330786767,1.0201971112228012,-1.003350605615755,-2.788035450912104,1.0573900280929198,2.1698774826235887,M2_TRUE,Meta-GAT (true working-memory prior),meta_gat,7,2,seed07_fold02,280,50,82,10,both,20,cuda,3.9309146404266357
0.3123032540631673,4.740841051086171,4.201826386335419,0.3368216557620761,0.027767043401660786,0.3660007460761511,-0.053697492012983794,0.28430729608942684,0.027995957973740437,0.31655592930293186,-0.004252675239764581,0.29994007325886185,0.01236318080430543,-0.024518401698908843,-0.02917909031407495,-0.08169344998672423,0.020265726459144262,-0.01661585604407001,5.58956452366162,0.6223904103957969,6.819714623692873,2.0788735726067014,4.987374702992795,0.24653365190662324,6.176759701833184,1.4359186507470127,5.0246865027489624,0.28384545166279107,0.8487234725754487,1.2301501000312527,1.8323399207000781,0.5871951781715641,1.1520731990842217,4.210477178852733,0.37105520912449336,5.110718587549721,0.9088922012143019,4.489891866358315,0.28806548002289567,4.501674675359959,0.2998482890245393,3.9308506802814764,-0.27097570605394283,0.008650792517313377,0.9002414086969885,0.6208267211914062,0.29119749650722593,0.5708239950784821,M2_TRUE,Meta-GAT (true working-memory prior),meta_gat,7,3,seed07_fold03,280,50,82,10,both,20,cuda,3.8740336894989014
0.17304149992490722,4.798658311785011,3.968618730219399,0.10866218900580502,0.04548197580612189,0.1760006157894945,-0.002959115864587275,0.09701486994558581,0.07602662997932141,-0.030918241102511186,0.2039597410274184,0.13603224077538,0.03700925914952721,0.0643793109191022,-0.06733842678368948,-0.07898574584390869,0.1395804301083162,0.1669504818778912,6.350742970912628,1.5488752646619357,8.780993819886358,3.9823355081013476,7.078465187220844,2.279806875435833,9.95386286600632,5.155204554221309,5.202789339280906,0.4041310274958949,1.5520846591276172,2.4302508489737304,1.7025286326655147,3.603119895093692,4.751073526725414,5.454343596318873,1.5366929003102088,7.797149809395394,3.8285310791759954,6.2553895392069006,2.2867708089875016,8.695843882677032,4.727225152457633,4.54712395551728,0.5785052252978815,1.4857248660994742,2.3428062130765213,1.5417602701884938,3.241500286358159,4.1487199271597515,M2_TRUE,Meta-GAT (true working-memory prior),meta_gat,7,4,seed07_fold04,280,50,82,10,both,20,cuda,4.974705696105957
0.2500929351486327,4.717775864443329,3.902848473514419,0.23719852144987766,0.03331262936847857,0.2551094171992441,-0.005016482050611448,0.2661436859704911,-0.016050750821858417,0.2516563397301831,-0.0015634045815504094,0.26526317663757953,-0.015170241488946856,0.01289441369875502,-0.017910895749366468,0.011034268771246969,-0.014457818280305429,0.013606836907396447,8.96771160165246,2.7996731055178503,5.3167895762928765,0.5990137118495475,11.05701741583315,6.33924155138982,7.2931751115167165,2.5753992470733875,10.844084242169846,6.126308377726517,4.249935737209132,-3.650922025359584,-5.740227839540273,-1.6745364901357442,-3.550909130653129,8.11570830172803,2.7716485174305845,4.59209620234478,0.6892477288303609,10.130471815545874,6.227623342031455,5.8315467374870575,1.9286982639726387,9.967864967254272,6.0650164937398525,4.212859828213611,-3.5236120993832505,-5.538375613201094,-2.2841615642409727,-4.136318229767214,M2_TRUE,Meta-GAT (true working-memory prior),meta_gat,8,0,seed08_fold00,279,50,83,10,both,20,cuda,5.351707696914673
0.2689952302826251,4.732276508578309,3.9965338189917876,0.14711370901926332,0.12532141767388863,0.24215557495698087,0.02683965532564425,0.3298504670319992,-0.0608552367493741,-0.04931140757662102,0.3183066378592461,0.011565887931862931,0.2574293423507622,0.1218815212633618,-0.09504186593771755,0.08769489207501835,0.19642511659588432,0.06087729550848392,11.484979486369292,3.9848874824429354,4.5235164617492645,-0.20876004682904448,16.75420137526114,12.02192486668283,4.798557316660838,0.06628080808252879,9.540941634310327,4.808665125732018,6.7527029777909835,-6.961463024620028,-12.230684913511876,-6.686422169708455,-4.742384317649489,10.608441422933556,4.121681002856071,3.6953787286597564,-0.30115509033203125,16.18643785959267,12.189904040600881,3.958026863006224,-0.03850695598556353,8.490161114428417,4.49362729543663,6.611907603941768,-6.913062694273799,-12.491059130932912,-6.650414559927332,-4.532134251422193,M2_TRUE,Meta-GAT (true working-memory prior),meta_gat,8,1,seed08_fold01,279,50,83,10,both,20,cuda,4.6877899169921875
0.14914499157155925,5.305937693385897,4.447777608545815,0.18296172184659226,0.02425789920626369,0.16906852357610105,-0.019923532004541805,0.14694540078046578,0.0021995907910934698,0.14939124033145199,-0.00024624875989273654,0.15804271618844115,-0.008897724616881902,-0.03381673027503301,0.013893198270491208,-0.022123122795635275,0.03357048151514028,0.008651475856989166,6.091885387156811,0.42411713954696884,6.305789468429583,0.9998517750436857,5.318727757687357,0.012790064301460013,6.6154006396603355,1.3094629462744383,5.738382909821004,0.4324452164351067,0.7859476937709138,0.21390408127277194,0.9870617107422257,0.5235152525035245,0.8770177298393316,4.5780010514143035,0.18851733293905823,4.645591689319145,0.1978140807733304,4.44438362121582,-0.00339398732999463,4.821657715774164,0.37388010722834863,4.399920719425853,-0.047856889119962,0.13022344286848853,0.06759063790484188,0.20120806810332503,0.2436566643598601,0.42173699634831063,M2_TRUE,Meta-GAT (true working-memory prior),meta_gat,8,2,seed08_fold02,280,50,82,10,both,20,cuda,3.679821252822876
0.20987269920155338,4.783176428094193,4.083927503446254,0.20724479834542625,0.01071319160888965,0.23365704765771111,-0.023784348456157733,0.2040539081292942,0.0058187910722591885,0.20440073726546837,0.0054719619360850125,0.1830424078820476,0.02683029131950579,0.00262790085612713,-0.026412249312284863,-0.029603139528416922,0.0028440610799578825,-0.021358329383420777,4.993113426525005,0.13064035338982108,5.20608369073999,0.42290726264579703,4.796809111098316,0.013632683004122903,5.425348916049034,0.6421724879548405,4.907046576417363,0.12387014832316989,0.2099369984308117,0.21297026421498533,0.40927457964167413,0.4322354895240288,0.5183023396316706,4.03249298479499,0.01884741434914475,4.063956749148485,-0.019970754297768956,4.083539427780524,-0.00038807566572973684,4.122024163967225,0.038096660520971604,4.033017391111793,-0.050910112334460855,-0.051434518651263694,0.03146376435349474,-0.01958267863203922,0.0895311791722353,0.08900677285543246,M2_TRUE,Meta-GAT (true working-memory prior),meta_gat,8,3,seed08_fold03,280,50,82,10,both,20,cuda,3.141014814376831
0.4539533106215104,4.484079328232582,3.707332773906429,0.4063922958071468,0.023100957939915862,0.33949041931972346,0.11446289130178694,0.36602648122034914,0.08792682940116126,0.3375879998468829,0.11636531077462747,0.39366602469875034,0.06028728592276006,0.04756101481436359,0.06690187648742335,0.026536061900625685,0.06880429596026388,0.056078024851867414,5.055798747261966,0.6518235461040389,5.5439706161885915,1.0598912879560096,5.395613719685343,0.9115343914527614,8.378132364430474,3.8940530361978922,5.273254962257201,0.7891756340246188,0.5717194190293844,0.48817186892662523,0.14835689650324824,3.322333617168508,3.1048774021732735,4.164172510984467,0.4864040645923,4.2045154804136695,0.4971827065072407,4.814687077592059,1.1073543036856304,6.922575136510337,3.2152423626039086,4.043518531613234,0.33618575770680525,0.45683973707803816,0.04034296942920257,-0.6101715971783896,2.7584026255258705,2.8790566048971034,M2_TRUE,Meta-GAT (true working-memory prior),meta_gat,8,4,seed08_fold04,280,50,82,10,both,20,cuda,3.0397074222564697
0.28884495979675107,4.437792329175788,3.778827311044716,0.292174742492391,0.015273428167738332,0.287700897637094,0.0011440621596570666,0.33352877789342655,-0.04468381809667549,0.2369826067346864,0.05186235306206466,0.3056819022308208,-0.016836942434069746,-0.003329782695639938,0.0044738448552970045,0.045827880256332554,0.0551921357577046,0.0686992954961344,5.5866319394628565,0.4662535673239438,7.775182871000334,3.337390541824546,4.521038734409603,0.08324640523381532,6.112663927480841,1.674871598305053,5.503979744129649,1.0661874149538608,1.1488396102870686,2.1885509315374776,3.254144136590731,0.5260319880179845,0.6086841833511922,4.190387325976269,0.3410682235600534,6.349878701818994,2.5710513907742785,3.645574431821524,-0.13325287922319173,4.581453024622905,0.8026257135781893,4.07206441120929,0.29323710016457394,0.4115600149315535,2.159491375842725,2.70430426999747,0.3910656986466359,0.5093886134136154,M2_TRUE,Meta-GAT (true working-memory prior),meta_gat,9,0,seed09_fold00,279,50,83,10,both,20,cuda,3.9450318813323975
0.2498464681645563,5.279891805291776,4.357104324432741,0.24302460052888142,0.0484051594389647,0.25353592714112544,-0.0036894589765691377,0.17177193126054097,0.07807453690401533,0.29664754893624734,-0.04680108077169104,0.2880837083338638,-0.03823724016930752,0.006821867635674883,-0.01051132661224402,-0.08176399588058447,-0.05362294840736592,-0.008563840602383521,11.011184880189287,4.937801942045076,6.3244751282776095,1.044583322985834,13.029153847163002,7.749262041871226,6.503863159174371,1.2239713538825958,10.359083709947516,5.07919190465574,5.731293074897511,-4.686709751911677,-6.7046787188853925,-4.5073217210149155,-3.8552205507731445,10.106017473519568,4.979582162540165,5.518140114933612,1.161035790500871,11.941464113901896,7.584359789469155,5.033855553132942,0.6767512287002013,9.089925329369235,4.732821004936494,5.748913149086827,-4.587877358585956,-6.423323998968284,-5.072161920386626,-4.056069776236293,M2_TRUE,Meta-GAT (true working-memory prior),meta_gat,9,1,seed09_fold01,279,50,83,10,both,20,cuda,3.9146997928619385
0.17384989570004472,4.813743812706782,4.093852031521681,0.14389441140913176,0.03418169634601064,0.10826009527624711,0.06558980042379761,0.17286810293605784,0.0009817927639868829,0.19977255677981917,-0.02592266107977445,0.2062195078972337,-0.03236961219718898,0.029955484290912965,0.03563431613288465,0.06460800765981073,-0.055878145370687415,0.006446951117414529,5.689495850653667,1.1731192817579073,5.480578609279111,0.6668347965723287,4.93978530022865,0.12604148752186717,7.853026199884089,3.0392823871773063,5.424278834557229,0.6105350218504464,0.8757520379468842,-0.20891724137455547,0.5407933090504615,2.163530349230422,2.42874736532686,4.613537067901797,1.1286409683867908,3.8878369215058117,-0.20601511001586958,4.382450173540813,0.2885981420191319,6.395848972041432,2.301996940519751,3.869658284071015,-0.22419374745066634,0.5196850363801158,-0.7257001463959853,-0.4946132520350015,1.7823119041396351,2.5261906879704172,M2_TRUE,Meta-GAT (true working-memory prior),meta_gat,9,2,seed09_fold02,280,50,82,10,both,20,cuda,3.2853448390960693
0.36910539709439316,4.347673997085041,3.785973374436541,0.29190194720417967,0.08657797111377397,0.15684730929113325,0.21225808780325991,0.32864062456665366,0.0404647725277395,0.2830669027712725,0.08603849432312066,0.3500517329072422,0.019053664187150987,0.0772034498902135,0.13505463791304642,0.17179331527552041,0.008835044432907169,0.06698483013596968,4.800072180528465,0.4525288570578162,5.6156487146904555,1.2679747176054148,5.347521478202038,0.9998474811169977,5.78146674053309,1.4337927434480493,4.506709000556621,0.15903500347158062,0.45239818344342453,0.8155765341619903,0.2681272364884171,0.9813945600046248,1.2747577399764687,3.924643132744766,0.3795235899677819,4.257041582247106,0.4710682078105646,4.730686245895013,0.944712871458472,4.360855521225348,0.574882146788807,3.6522203305872476,-0.13375304384929354,0.1386697583082248,0.33239844950233977,-0.47364466364790747,0.4362123884805822,0.7086351906381005,M2_TRUE,Meta-GAT (true working-memory prior),meta_gat,9,3,seed09_fold03,280,50,82,10,both,20,cuda,3.257160186767578
0.3217962117804033,4.930344746839022,4.223025752276909,0.3138311610659678,0.051150606809534024,0.3431347078425483,-0.021338496062144996,0.18604733562378656,0.13574887615661674,0.3125312981023586,0.009264913678044717,0.3448005024687649,-0.02300429068836163,0.007965050714435484,-0.02930354677658048,-0.15708737221876173,0.001299862963609233,0.032269204366406345,5.649882947140606,0.6618916766873103,5.201640201452254,0.2712954546132327,5.247077101962572,0.31673235512355014,7.369884194974781,2.4395394481357595,5.903251793134004,0.9729070462949823,0.7195382003015842,-0.44824274568835154,-0.04543690051031746,1.7200012478341753,1.4666324018407773,4.52276958256233,0.37412515725239615,4.238622711925972,0.015596959649062825,4.676217835123946,0.45319208284703727,5.599580043699683,1.3765542914227744,4.460169164145865,0.23714341186895638,0.2997438302854212,-0.28414687063635835,-0.43759512319797444,1.0768104611373532,1.139410879553818,M2_TRUE,Meta-GAT (true working-memory prior),meta_gat,9,4,seed09_fold04,280,50,82,10,both,20,cuda,3.2438056468963623
