method,target,seed,fold,split_id,n_train,n_val,n_test,best_lambda1,best_lambda2,best_lambda3,runtime_seconds,pearson,rmse,mae,jaccard
mt_ncr_independent,fluid_intelligence,0,0,seed00_fold00,279.0,50.0,83.0,0.0,0.0,0.0,159.63659930229187,0.4962832114030741,3.843738707108965,3.002361822389205,
mt_ncr_independent,working_memory,0,0,seed00_fold00,279.0,50.0,83.0,0.0,0.0,0.0,159.63660335540771,0.1225021861500962,9.418688393296517,7.922150874004552,
mt_ncr_independent,jaccard_top10pct,0,0,seed00_fold00,,,,,,,,,,,0.0988467874794069
mt_ncr_joint_l21,fluid_intelligence,0,0,seed00_fold00,279.0,50.0,83.0,10.0,0.0,0.0,225.0987608432769,0.3721767804079126,4.197616689720287,3.569667300355688,
mt_ncr_joint_l21,working_memory,0,0,seed00_fold00,279.0,50.0,83.0,10.0,0.0,0.0,225.09876561164856,0.1225026048272892,9.41868770821909,7.922150070184633,
mt_ncr_joint_l21,jaccard_top10pct,0,0,seed00_fold00,,,,,,,,,,,0.2716873212583413
no_prior_ridge,fluid_intelligence,0,0,seed00_fold00,279.0,50.0,83.0,0.0,0.0,0.0,2.2114474773406982,0.4962832114030736,3.843738707108966,3.002361822389208,
no_prior_ridge,working_memory,0,0,seed00_fold00,279.0,50.0,83.0,0.0,0.0,0.0,2.211452007293701,0.1225021861500961,9.418688393296517,7.922150874004552,
mt_ncr_independent,fluid_intelligence,0,1,seed00_fold01,279.0,50.0,83.0,0.0,0.0,0.0,27.286027669906616,0.3286328727925056,4.795932997629168,4.114937418996482,
mt_ncr_independent,working_memory,0,1,seed00_fold01,279.0,50.0,83.0,0.0,0.0,0.0,27.286033153533936,0.1731125316814489,10.84543612771412,8.628171857312877,
mt_ncr_independent,jaccard_top10pct,0,1,seed00_fold01,,,,,,,,,,,0.0979423868312757
mt_ncr_joint_l21,fluid_intelligence,0,1,seed00_fold01,279.0,50.0,83.0,1.0,0.0,0.0,136.86612677574158,0.3286333767884643,4.795932145832342,4.114936963729292,
mt_ncr_joint_l21,working_memory,0,1,seed00_fold01,279.0,50.0,83.0,1.0,0.0,0.0,136.86613035202026,0.1731123860591099,10.845436230223504,8.628172874208207,
mt_ncr_joint_l21,jaccard_top10pct,0,1,seed00_fold01,,,,,,,,,,,0.1774051191526919
no_prior_ridge,fluid_intelligence,0,1,seed00_fold01,279.0,50.0,83.0,0.0,0.0,0.0,3.4076106548309326,0.3286328727925057,4.795932997629167,4.114937418996482,
no_prior_ridge,working_memory,0,1,seed00_fold01,279.0,50.0,83.0,0.0,0.0,0.0,3.407614231109619,0.1731125316814482,10.845436127714123,8.62817185731288,
mt_ncr_independent,fluid_intelligence,0,2,seed00_fold02,280.0,50.0,82.0,0.0,0.0,0.0,26.048413038253784,0.3166020072821797,5.00491669877754,4.207126024377002,
mt_ncr_independent,working_memory,0,2,seed00_fold02,280.0,50.0,82.0,0.0,0.0,0.0,26.048417329788208,0.1835559324243734,12.297820017570952,9.576821255785214,
mt_ncr_independent,jaccard_top10pct,0,2,seed00_fold02,,,,,,,,,,,0.1061359867330016
mt_ncr_joint_l21,fluid_intelligence,0,2,seed00_fold02,280.0,50.0,82.0,0.1,0.0,0.0,148.4154613018036,0.3166010143511272,5.004920252094557,4.207126826403669,
mt_ncr_joint_l21,working_memory,0,2,seed00_fold02,280.0,50.0,82.0,0.1,0.0,0.0,148.4154725074768,0.1835570648996324,12.297820446543248,9.576824477935473,
mt_ncr_joint_l21,jaccard_top10pct,0,2,seed00_fold02,,,,,,,,,,,0.1480206540447504
no_prior_ridge,fluid_intelligence,0,2,seed00_fold02,280.0,50.0,82.0,0.0,0.0,0.0,2.8328187465667725,0.3166020072821794,5.004916698777541,4.207126024377005,
no_prior_ridge,working_memory,0,2,seed00_fold02,280.0,50.0,82.0,0.0,0.0,0.0,2.8328213691711426,0.1835559324243739,12.297820017570947,9.576821255785214,
mt_ncr_independent,fluid_intelligence,0,3,seed00_fold03,280.0,50.0,82.0,0.0,0.0,0.0,30.543705940246586,0.1680819883211552,4.910270413330272,4.199452165433157,
mt_ncr_independent,working_memory,0,3,seed00_fold03,280.0,50.0,82.0,0.0,0.0,0.0,30.54371023178101,0.3143492861728513,10.872167604103112,9.289910972495326,
mt_ncr_independent,jaccard_top10pct,0,3,seed00_fold03,,,,,,,,,,,0.0988467874794069
mt_ncr_joint_l21,fluid_intelligence,0,3,seed00_fold03,280.0,50.0,82.0,1.0,0.0,0.0,142.65998601913452,0.2226643488179556,4.558620513596805,3.882994199030377,
mt_ncr_joint_l21,working_memory,0,3,seed00_fold03,280.0,50.0,82.0,1.0,0.0,0.0,142.65998935699463,0.3143506009779102,10.872163351532365,9.289906565299296,
mt_ncr_joint_l21,jaccard_top10pct,0,3,seed00_fold03,,,,,,,,,,,0.1910714285714285
no_prior_ridge,fluid_intelligence,0,3,seed00_fold03,280.0,50.0,82.0,0.0,0.0,0.0,2.8759264945983887,0.1680819883211529,4.910270413330277,4.199452165433161,
no_prior_ridge,working_memory,0,3,seed00_fold03,280.0,50.0,82.0,0.0,0.0,0.0,2.875929355621338,0.3143492861728519,10.872167604103112,9.289910972495324,
mt_ncr_independent,fluid_intelligence,0,4,seed00_fold04,280.0,50.0,82.0,0.0,0.0,0.0,33.67779040336609,0.3851598328572968,4.744372015097964,3.770329049831639,
mt_ncr_independent,working_memory,0,4,seed00_fold04,280.0,50.0,82.0,0.0,0.0,0.0,33.6777937412262,0.3092289061256013,13.061735491147038,10.91384071619775,
mt_ncr_independent,jaccard_top10pct,0,4,seed00_fold04,,,,,,,,,,,0.0706260032102728
mt_ncr_joint_l21,fluid_intelligence,0,4,seed00_fold04,280.0,50.0,82.0,1.0,0.0,0.0,140.33800983428955,0.4226894098182124,4.700730414042333,3.8518198353860136,
mt_ncr_joint_l21,working_memory,0,4,seed00_fold04,280.0,50.0,82.0,1.0,0.0,0.0,140.33801293373108,0.3092272814581312,13.061740617098172,10.91384371090133,
mt_ncr_joint_l21,jaccard_top10pct,0,4,seed00_fold04,,,,,,,,,,,0.1509922346850733
no_prior_ridge,fluid_intelligence,0,4,seed00_fold04,280.0,50.0,82.0,0.0,0.0,0.0,2.3339526653289795,0.4226895065051623,4.700730352080461,3.8518203991855375,
no_prior_ridge,working_memory,0,4,seed00_fold04,280.0,50.0,82.0,0.0,0.0,0.0,2.333955764770508,0.3092289061256006,13.06173549114704,10.913840716197756,
mt_ncr_independent,fluid_intelligence,1,0,seed01_fold00,279.0,50.0,83.0,0.0,0.0,0.0,28.31829524040222,0.2292838557645861,4.674536048010485,3.678965007811425,
mt_ncr_independent,working_memory,1,0,seed01_fold00,279.0,50.0,83.0,0.0,0.0,0.0,28.31829953193665,0.4221445383155541,10.309122719003163,8.488944362895898,
mt_ncr_independent,jaccard_top10pct,1,0,seed01_fold00,,,,,,,,,,,0.1135225375626043
mt_ncr_joint_l21,fluid_intelligence,1,0,seed01_fold00,279.0,50.0,83.0,0.1,10.0,0.0,149.10940313339233,0.2625535569580657,4.562915064368931,3.655193854241447,
mt_ncr_joint_l21,working_memory,1,0,seed01_fold00,279.0,50.0,83.0,0.1,10.0,0.0,149.10941410064697,0.4220810928028591,10.264061934512624,8.495253928026395,
mt_ncr_joint_l21,jaccard_top10pct,1,0,seed01_fold00,,,,,,,,,,,0.1285956006768189
no_prior_ridge,fluid_intelligence,1,0,seed01_fold00,279.0,50.0,83.0,0.0,0.0,0.0,3.8083958625793457,0.2292838557645867,4.674536048010484,3.678965007811424,
no_prior_ridge,working_memory,1,0,seed01_fold00,279.0,50.0,83.0,0.0,0.0,0.0,3.808407306671143,0.3625051016070338,10.777761623040414,8.656789945198437,
mt_ncr_independent,fluid_intelligence,1,1,seed01_fold01,279.0,50.0,83.0,0.0,0.0,0.0,37.664201498031616,0.290762652822249,4.642992934974077,3.7969507699248473,
mt_ncr_independent,working_memory,1,1,seed01_fold01,279.0,50.0,83.0,0.0,0.0,0.0,37.6642062664032,0.0410021783706082,12.081746052477646,9.923212712712518,
mt_ncr_independent,jaccard_top10pct,1,1,seed01_fold01,,,,,,,,,,,0.0689102564102564
mt_ncr_joint_l21,fluid_intelligence,1,1,seed01_fold01,279.0,50.0,83.0,0.1,0.0,0.0,178.14454054832458,0.3666796679519649,4.379343290974482,3.6116562471746105,
mt_ncr_joint_l21,working_memory,1,1,seed01_fold01,279.0,50.0,83.0,0.1,0.0,0.0,178.14454412460327,0.0429997697012121,12.684398320101106,10.37300055924173,
mt_ncr_joint_l21,jaccard_top10pct,1,1,seed01_fold01,,,,,,,,,,,0.1539792387543252
no_prior_ridge,fluid_intelligence,1,1,seed01_fold01,279.0,50.0,83.0,0.0,0.0,0.0,4.155253887176514,0.3666806548090358,4.3793408463108685,3.611651596745456,
no_prior_ridge,working_memory,1,1,seed01_fold01,279.0,50.0,83.0,0.0,0.0,0.0,4.155256748199463,0.0410021783706082,12.081746052477648,9.923212712712518,
mt_ncr_independent,fluid_intelligence,1,2,seed01_fold02,280.0,50.0,82.0,0.0,0.0,0.0,42.326852560043335,0.4592568464725653,4.767850972716286,4.118207619817574,
mt_ncr_independent,working_memory,1,2,seed01_fold02,280.0,50.0,82.0,0.0,0.0,0.0,42.32685589790344,0.2164794057423724,11.24702012000328,9.605684739434333,
mt_ncr_independent,jaccard_top10pct,1,2,seed01_fold02,,,,,,,,,,,0.1353191489361702
mt_ncr_joint_l21,fluid_intelligence,1,2,seed01_fold02,280.0,50.0,82.0,1.0,0.0,0.0,191.6178858280182,0.459257843171402,4.767848880667298,4.1182057524629,
mt_ncr_joint_l21,working_memory,1,2,seed01_fold02,280.0,50.0,82.0,1.0,0.0,0.0,191.61788964271545,0.2164791027004845,11.24702118110556,9.605685659144266,
mt_ncr_joint_l21,jaccard_top10pct,1,2,seed01_fold02,,,,,,,,,,,0.172231985940246
no_prior_ridge,fluid_intelligence,1,2,seed01_fold02,280.0,50.0,82.0,0.0,0.0,0.0,5.232303619384766,0.4592568464725642,4.767850972716289,4.118207619817578,
no_prior_ridge,working_memory,1,2,seed01_fold02,280.0,50.0,82.0,0.0,0.0,0.0,5.232313871383667,0.216479405742372,11.24702012000328,9.605684739434336,
mt_ncr_independent,fluid_intelligence,1,3,seed01_fold03,280.0,50.0,82.0,0.0,0.0,0.0,61.240753412246704,0.3027890848148074,5.0765580590192885,4.38603672383598,
mt_ncr_independent,working_memory,1,3,seed01_fold03,280.0,50.0,82.0,0.0,0.0,0.0,61.2407705783844,0.3046663886975227,11.461995851228016,9.417850633056176,
mt_ncr_independent,jaccard_top10pct,1,3,seed01_fold03,,,,,,,,,,,0.0836718115353371
mt_ncr_joint_l21,fluid_intelligence,1,3,seed01_fold03,280.0,50.0,82.0,1.0,0.0,0.0,212.8076288700104,0.244491999026087,5.047781072730153,4.333163233527982,
mt_ncr_joint_l21,working_memory,1,3,seed01_fold03,280.0,50.0,82.0,1.0,0.0,0.0,212.80763220787048,0.3046654938484325,11.46199897043351,9.417853692683671,
mt_ncr_joint_l21,jaccard_top10pct,1,3,seed01_fold03,,,,,,,,,,,0.1732629727352682
no_prior_ridge,fluid_intelligence,1,3,seed01_fold03,280.0,50.0,82.0,0.0,0.0,0.0,5.638749361038208,0.3027890848148069,5.07655805901929,4.386036723835981,
no_prior_ridge,working_memory,1,3,seed01_fold03,280.0,50.0,82.0,0.0,0.0,0.0,5.638760566711426,0.3046663886975223,11.46199585122802,9.417850633056178,
mt_ncr_independent,fluid_intelligence,1,4,seed01_fold04,280.0,50.0,82.0,0.0,0.0,0.0,62.87797737121582,0.3384709974981834,4.661343082181408,3.848117373601069,
mt_ncr_independent,working_memory,1,4,seed01_fold04,280.0,50.0,82.0,0.0,0.0,0.0,62.87798070907593,0.2692982908921553,10.789331636701135,8.348637748313097,
mt_ncr_independent,jaccard_top10pct,1,4,seed01_fold04,,,,,,,,,,,0.099752679307502
mt_ncr_joint_l21,fluid_intelligence,1,4,seed01_fold04,280.0,50.0,82.0,0.1,0.0,0.0,244.08968234062195,0.3384721003650359,4.661340602837849,3.8481167185632352,
mt_ncr_joint_l21,working_memory,1,4,seed01_fold04,280.0,50.0,82.0,0.1,0.0,0.0,244.0896933078766,0.2692972555770151,10.78933575550032,8.34863651624931,
mt_ncr_joint_l21,jaccard_top10pct,1,4,seed01_fold04,,,,,,,,,,,0.1219512195121951
no_prior_ridge,fluid_intelligence,1,4,seed01_fold04,280.0,50.0,82.0,0.0,0.0,0.0,6.827245712280273,0.3384709974981837,4.661343082181406,3.8481173736010654,
no_prior_ridge,working_memory,1,4,seed01_fold04,280.0,50.0,82.0,0.0,0.0,0.0,6.827248811721802,0.2692982908921556,10.789331636701132,8.348637748313097,
mt_ncr_independent,fluid_intelligence,2,0,seed02_fold00,279.0,50.0,83.0,0.0,0.0,0.0,60.16464304924011,0.4011024640728792,4.793346042779881,4.118076117508755,
mt_ncr_independent,working_memory,2,0,seed02_fold00,279.0,50.0,83.0,0.0,0.0,0.0,60.16464638710022,0.328654756354878,11.887243650625315,9.846202970658322,
mt_ncr_independent,jaccard_top10pct,2,0,seed02_fold00,,,,,,,,,,,0.1024793388429752
mt_ncr_joint_l21,fluid_intelligence,2,0,seed02_fold00,279.0,50.0,83.0,1.0,0.0,0.0,196.9518358707428,0.4011017893784478,4.7933471672957095,4.118077115749794,
mt_ncr_joint_l21,working_memory,2,0,seed02_fold00,279.0,50.0,83.0,1.0,0.0,0.0,196.9518392086029,0.3180920144794537,11.702971953860558,9.72551274650431,
mt_ncr_joint_l21,jaccard_top10pct,2,0,seed02_fold00,,,,,,,,,,,0.1681260945709282
no_prior_ridge,fluid_intelligence,2,0,seed02_fold00,279.0,50.0,83.0,0.0,0.0,0.0,6.140746116638184,0.4011024640728799,4.79334604277988,4.118076117508752,
no_prior_ridge,working_memory,2,0,seed02_fold00,279.0,50.0,83.0,0.0,0.0,0.0,6.140756845474243,0.3347788122285989,11.863549793560264,9.713097198939264,
mt_ncr_independent,fluid_intelligence,2,1,seed02_fold01,279.0,50.0,83.0,0.0,0.0,0.0,62.90683960914612,0.3010069787709812,4.621584247559408,4.018475221469582,
mt_ncr_independent,working_memory,2,1,seed02_fold01,279.0,50.0,83.0,0.0,0.0,0.0,62.90684342384338,0.1490160235450345,11.032201130208636,8.791514177425633,
mt_ncr_independent,jaccard_top10pct,2,1,seed02_fold01,,,,,,,,,,,0.0810372771474878
mt_ncr_joint_l21,fluid_intelligence,2,1,seed02_fold01,279.0,50.0,83.0,10.0,0.0,0.0,177.94369220733645,0.1097411344958548,4.6951304700384044,4.103926861171287,
mt_ncr_joint_l21,working_memory,2,1,seed02_fold01,279.0,50.0,83.0,10.0,0.0,0.0,177.94369649887085,0.2876024138529604,10.733042122967932,8.570257992970305,
mt_ncr_joint_l21,jaccard_top10pct,2,1,seed02_fold01,,,,,,,,,,,0.2028854824165915
no_prior_ridge,fluid_intelligence,2,1,seed02_fold01,279.0,50.0,83.0,0.0,0.0,0.0,4.990285873413086,0.3010069787709818,4.621584247559405,4.018475221469581,
no_prior_ridge,working_memory,2,1,seed02_fold01,279.0,50.0,83.0,0.0,0.0,0.0,4.990297794342041,0.1490160235450325,11.032201130208636,8.791514177425633,
mt_ncr_independent,fluid_intelligence,2,2,seed02_fold02,280.0,50.0,82.0,0.0,0.0,0.0,58.17339563369751,0.3645295342049927,4.5334600989149605,3.643775801695812,
mt_ncr_independent,working_memory,2,2,seed02_fold02,280.0,50.0,82.0,0.0,0.0,0.0,58.17340064048767,0.1758477657078998,11.454277377163873,9.066803340696447,
mt_ncr_independent,jaccard_top10pct,2,2,seed02_fold02,,,,,,,,,,,0.1181894383906119
mt_ncr_joint_l21,fluid_intelligence,2,2,seed02_fold02,280.0,50.0,82.0,1.0,0.0,0.0,190.9714870452881,0.3992676182917227,4.322974920722057,3.5480285686172324,
mt_ncr_joint_l21,working_memory,2,2,seed02_fold02,280.0,50.0,82.0,1.0,0.0,0.0,190.97149896621704,0.1758484856113432,11.454275578011664,9.066799687757374,
mt_ncr_joint_l21,jaccard_top10pct,2,2,seed02_fold02,,,,,,,,,,,0.1996402877697841
no_prior_ridge,fluid_intelligence,2,2,seed02_fold02,280.0,50.0,82.0,0.0,0.0,0.0,5.041030645370483,0.3645295342049934,4.533460098914958,3.643775801695816,
no_prior_ridge,working_memory,2,2,seed02_fold02,280.0,50.0,82.0,0.0,0.0,0.0,5.0410356521606445,0.1758477657078989,11.454277377163876,9.066803340696447,
mt_ncr_independent,fluid_intelligence,2,3,seed02_fold03,280.0,50.0,82.0,0.0,0.0,0.0,53.19602560997009,0.4798086825361736,4.512212922986446,3.7246188562810887,
mt_ncr_independent,working_memory,2,3,seed02_fold03,280.0,50.0,82.0,0.0,0.0,0.0,53.1960289478302,0.2864445892038001,11.348387633266016,9.570316001062196,
mt_ncr_independent,jaccard_top10pct,2,3,seed02_fold03,,,,,,,,,,,0.1024793388429752
mt_ncr_joint_l21,fluid_intelligence,2,3,seed02_fold03,280.0,50.0,82.0,0.1,0.0,0.0,445.9171571731568,0.4665510023545618,4.487131045754122,3.653066105241882,
mt_ncr_joint_l21,working_memory,2,3,seed02_fold03,280.0,50.0,82.0,0.1,0.0,0.0,445.9173750877381,0.286443001074919,11.348399903758128,9.57032326543166,
mt_ncr_joint_l21,jaccard_top10pct,2,3,seed02_fold03,,,,,,,,,,,0.1401709401709401
no_prior_ridge,fluid_intelligence,2,3,seed02_fold03,280.0,50.0,82.0,0.0,0.0,0.0,21.57462501525879,0.479808682536174,4.512212922986445,3.7246188562810896,
no_prior_ridge,working_memory,2,3,seed02_fold03,280.0,50.0,82.0,0.0,0.0,0.0,21.57462906837464,0.2864445892037984,11.348387633266029,9.570316001062205,
mt_ncr_independent,fluid_intelligence,2,4,seed02_fold04,280.0,50.0,82.0,0.0,0.0,0.0,193.07009530067444,0.3136371880969701,4.617896551599729,3.97554291711899,
mt_ncr_independent,working_memory,2,4,seed02_fold04,280.0,50.0,82.0,0.0,0.0,0.0,193.0701141357422,0.1124852351863761,10.967470080631582,8.873165853502657,
mt_ncr_independent,jaccard_top10pct,2,4,seed02_fold04,,,,,,,,,,,0.1163179916317991
mt_ncr_joint_l21,fluid_intelligence,2,4,seed02_fold04,280.0,50.0,82.0,1.0,2.0,0.0,297.2545602321625,0.2992813514806134,4.636975845114028,4.0142390294559815,
mt_ncr_joint_l21,working_memory,2,4,seed02_fold04,280.0,50.0,82.0,1.0,2.0,0.0,297.2545645236969,0.1157191077119148,10.96710764151554,8.863956105038094,
mt_ncr_joint_l21,jaccard_top10pct,2,4,seed02_fold04,,,,,,,,,,,0.1276415891800507
no_prior_ridge,fluid_intelligence,2,4,seed02_fold04,280.0,50.0,82.0,0.0,0.0,0.0,7.772603511810303,0.3136371880969706,4.617896551599728,3.9755429171189887,
no_prior_ridge,working_memory,2,4,seed02_fold04,280.0,50.0,82.0,0.0,0.0,0.0,7.772607803344727,0.1264601107652671,10.96606594616192,8.826353604352276,
mt_ncr_independent,fluid_intelligence,3,0,seed03_fold00,279.0,50.0,83.0,0.0,0.0,0.0,67.487051486969,0.2249967368048685,4.940319677082757,4.217580651578405,
mt_ncr_independent,working_memory,3,0,seed03_fold00,279.0,50.0,83.0,0.0,0.0,0.0,67.48705577850342,0.3624978433113669,9.15770203995589,7.781744847528394,
mt_ncr_independent,jaccard_top10pct,3,0,seed03_fold00,,,,,,,,,,,0.0845528455284552
mt_ncr_joint_l21,fluid_intelligence,3,0,seed03_fold00,279.0,50.0,83.0,1.0,0.0,0.0,200.661452293396,0.2511090748559832,4.727666279291414,4.130073844806912,
mt_ncr_joint_l21,working_memory,3,0,seed03_fold00,279.0,50.0,83.0,1.0,0.0,0.0,200.66146636009216,0.3633446316418118,9.149479442703212,7.794328174955745,
mt_ncr_joint_l21,jaccard_top10pct,3,0,seed03_fold00,,,,,,,,,,,0.15
no_prior_ridge,fluid_intelligence,3,0,seed03_fold00,279.0,50.0,83.0,0.0,0.0,0.0,5.216948747634888,0.2249967368048689,4.940319677082755,4.2175806515784044,
no_prior_ridge,working_memory,3,0,seed03_fold00,279.0,50.0,83.0,0.0,0.0,0.0,5.216959238052368,0.3633435907362233,9.14948323881728,7.79433162064779,
mt_ncr_independent,fluid_intelligence,3,1,seed03_fold01,279.0,50.0,83.0,0.0,0.0,0.0,58.83205032348633,0.3070593182856042,4.713805597591053,3.8708411836643415,
mt_ncr_independent,working_memory,3,1,seed03_fold01,279.0,50.0,83.0,0.0,0.0,0.0,58.83205676078797,0.1971405825594384,12.576764713862207,10.880894286597623,
mt_ncr_independent,jaccard_top10pct,3,1,seed03_fold01,,,,,,,,,,,0.080161943319838
mt_ncr_joint_l21,fluid_intelligence,3,1,seed03_fold01,279.0,50.0,83.0,1.0,0.0,0.0,186.97577691078183,0.3758094696320066,4.413931466533968,3.616744705189188,
mt_ncr_joint_l21,working_memory,3,1,seed03_fold01,279.0,50.0,83.0,1.0,0.0,0.0,186.9757814407349,0.2343843469080961,12.140801105994449,10.517686936786315,
mt_ncr_joint_l21,jaccard_top10pct,3,1,seed03_fold01,,,,,,,,,,,0.1815766164747564
no_prior_ridge,fluid_intelligence,3,1,seed03_fold01,279.0,50.0,83.0,0.0,0.0,0.0,4.346743106842041,0.3070593182856038,4.713805597591053,3.8708411836643415,
no_prior_ridge,working_memory,3,1,seed03_fold01,279.0,50.0,83.0,0.0,0.0,0.0,4.346746444702148,0.1971405825594374,12.576764713862216,10.880894286597623,
mt_ncr_independent,fluid_intelligence,3,2,seed03_fold02,280.0,50.0,82.0,0.0,0.0,0.0,55.75042605400085,0.3533158968108919,4.646358411384974,3.989586878975021,
mt_ncr_independent,working_memory,3,2,seed03_fold02,280.0,50.0,82.0,0.0,0.0,0.0,55.75042891502381,0.1127128797912543,12.922542650521969,10.105196704654029,
mt_ncr_independent,jaccard_top10pct,3,2,seed03_fold02,,,,,,,,,,,0.1033912324234904
mt_ncr_joint_l21,fluid_intelligence,3,2,seed03_fold02,280.0,50.0,82.0,0.1,0.0,0.0,193.2620038986206,0.4162032323854716,4.422966703902882,3.5828972590451817,
mt_ncr_joint_l21,working_memory,3,2,seed03_fold02,280.0,50.0,82.0,0.1,0.0,0.0,193.26200771331787,0.1143504157851054,12.631725974505333,9.886067215344374,
mt_ncr_joint_l21,jaccard_top10pct,3,2,seed03_fold02,,,,,,,,,,,0.1794871794871795
no_prior_ridge,fluid_intelligence,3,2,seed03_fold02,280.0,50.0,82.0,0.0,0.0,0.0,4.6844916343688965,0.3533158968108916,4.646358411384975,3.989586878975021,
no_prior_ridge,working_memory,3,2,seed03_fold02,280.0,50.0,82.0,0.0,0.0,0.0,4.684494495391846,0.112712879791254,12.92254265052198,10.105196704654032,
mt_ncr_independent,fluid_intelligence,3,3,seed03_fold03,280.0,50.0,82.0,0.0,0.0,0.0,52.11485552787781,0.478021506034021,4.604790710909766,3.892898409644399,
mt_ncr_independent,working_memory,3,3,seed03_fold03,280.0,50.0,82.0,0.0,0.0,0.0,52.11485838890076,0.4021664562314098,10.989509125175818,8.819203571625179,
mt_ncr_independent,jaccard_top10pct,3,3,seed03_fold03,,,,,,,,,,,0.1079734219269103
mt_ncr_joint_l21,fluid_intelligence,3,3,seed03_fold03,280.0,50.0,82.0,1.0,10.0,0.0,201.0957601070404,0.4782755463987299,4.613458763768764,3.897608736364266,
mt_ncr_joint_l21,working_memory,3,3,seed03_fold03,280.0,50.0,82.0,1.0,10.0,0.0,201.09577059745789,0.3932372503276022,11.078077825879747,9.0797504615423,
mt_ncr_joint_l21,jaccard_top10pct,3,3,seed03_fold03,,,,,,,,,,,0.1295512277730736
no_prior_ridge,fluid_intelligence,3,3,seed03_fold03,280.0,50.0,82.0,0.0,0.0,0.0,4.842862367630005,0.4688427544267516,4.570436014753272,3.860522344384561,
no_prior_ridge,working_memory,3,3,seed03_fold03,280.0,50.0,82.0,0.0,0.0,0.0,4.842865228652954,0.4373061584215061,10.841628463662431,8.888874285011635,
mt_ncr_independent,fluid_intelligence,3,4,seed03_fold04,280.0,50.0,82.0,0.0,0.0,0.0,55.75293922424317,0.2794855532781362,4.859298137988388,3.921837202752244,
mt_ncr_independent,working_memory,3,4,seed03_fold04,280.0,50.0,82.0,0.0,0.0,0.0,55.75294232368469,0.2844258724083902,10.729341065099549,8.303746180453077,
mt_ncr_independent,jaccard_top10pct,3,4,seed03_fold04,,,,,,,,,,,0.1015689512799339
mt_ncr_joint_l21,fluid_intelligence,3,4,seed03_fold04,280.0,50.0,82.0,1.0,0.0,0.0,197.57026624679563,0.2631229378448856,4.829319918742866,4.006224926559243,
mt_ncr_joint_l21,working_memory,3,4,seed03_fold04,280.0,50.0,82.0,1.0,0.0,0.0,197.5702700614929,0.2844248024978997,10.729344070781954,8.303750275211748,
mt_ncr_joint_l21,jaccard_top10pct,3,4,seed03_fold04,,,,,,,,,,,0.1712028094820017
no_prior_ridge,fluid_intelligence,3,4,seed03_fold04,280.0,50.0,82.0,0.0,0.0,0.0,5.01064395904541,0.2794855532781367,4.859298137988386,3.921837202752242,
no_prior_ridge,working_memory,3,4,seed03_fold04,280.0,50.0,82.0,0.0,0.0,0.0,5.010647773742676,0.2844258724083888,10.729341065099552,8.303746180453079,
mt_ncr_independent,fluid_intelligence,4,0,seed04_fold00,279.0,50.0,83.0,0.0,0.0,0.0,52.02714848518372,0.0798353819931481,4.825532207910175,4.20996214310086,
mt_ncr_independent,working_memory,4,0,seed04_fold00,279.0,50.0,83.0,0.0,0.0,0.0,52.0271520614624,0.1773491083118009,10.929796560147762,8.732218281761547,
mt_ncr_independent,jaccard_top10pct,4,0,seed04_fold00,,,,,,,,,,,0.1421232876712329
mt_ncr_joint_l21,fluid_intelligence,4,0,seed04_fold00,279.0,50.0,83.0,1000.0,0.0,1.0,192.2875368595124,0.0758731782876194,4.828050665834386,4.213063866084099,
mt_ncr_joint_l21,working_memory,4,0,seed04_fold00,279.0,50.0,83.0,1000.0,0.0,1.0,192.28754043579104,0.1757817650115102,10.937620504945526,8.737727916211737,
mt_ncr_joint_l21,jaccard_top10pct,4,0,seed04_fold00,,,,,,,,,,,0.2964042759961127
no_prior_ridge,fluid_intelligence,4,0,seed04_fold00,279.0,50.0,83.0,0.0,0.0,0.0,5.205207347869873,0.0798353819931481,4.825532207910175,4.20996214310086,
no_prior_ridge,working_memory,4,0,seed04_fold00,279.0,50.0,83.0,0.0,0.0,0.0,5.205219984054565,0.1773491083118009,10.929796560147762,8.732218281761547,
mt_ncr_independent,fluid_intelligence,4,1,seed04_fold01,279.0,50.0,83.0,0.0,0.0,0.0,51.60449123382568,0.2466903872869608,4.818580864469064,3.942113559721262,
mt_ncr_independent,working_memory,4,1,seed04_fold01,279.0,50.0,83.0,0.0,0.0,0.0,51.60449528694153,0.1346526759904431,11.590207838606874,9.677871433919298,
mt_ncr_independent,jaccard_top10pct,4,1,seed04_fold01,,,,,,,,,,,0.1191275167785234
mt_ncr_joint_l21,fluid_intelligence,4,1,seed04_fold01,279.0,50.0,83.0,1.0,10.0,0.0,184.6304018497467,0.2524491251079541,4.474252602867547,3.78042702550124,
mt_ncr_joint_l21,working_memory,4,1,seed04_fold01,279.0,50.0,83.0,1.0,10.0,0.0,184.6304066181183,0.1346527005620341,11.590207288742468,9.677870731234462,
mt_ncr_joint_l21,jaccard_top10pct,4,1,seed04_fold01,,,,,,,,,,,0.144082332761578
no_prior_ridge,fluid_intelligence,4,1,seed04_fold01,279.0,50.0,83.0,0.0,0.0,0.0,5.288920164108276,0.3217341752182103,4.510699942890511,3.751272348849898,
no_prior_ridge,working_memory,4,1,seed04_fold01,279.0,50.0,83.0,0.0,0.0,0.0,5.288924932479858,0.0569144251423299,11.523968462206591,9.553068839989198,
mt_ncr_independent,fluid_intelligence,4,2,seed04_fold02,280.0,50.0,82.0,0.0,0.0,0.0,54.163615465164185,0.3524453011638175,4.595241247554175,3.778350706689864,
mt_ncr_independent,working_memory,4,2,seed04_fold02,280.0,50.0,82.0,0.0,0.0,0.0,54.16361856460571,0.0984955237949446,11.622977582643054,9.771679247720812,
mt_ncr_independent,jaccard_top10pct,4,2,seed04_fold02,,,,,,,,,,,0.1257383966244726
mt_ncr_joint_l21,fluid_intelligence,4,2,seed04_fold02,280.0,50.0,82.0,0.1,0.5,0.0,198.57631540298465,0.3329782810777849,4.681708140104535,3.7614853710147926,
mt_ncr_joint_l21,working_memory,4,2,seed04_fold02,280.0,50.0,82.0,0.1,0.5,0.0,198.57631921768188,0.0985029344237194,11.622943473091327,9.771653858341866,
mt_ncr_joint_l21,jaccard_top10pct,4,2,seed04_fold02,,,,,,,,,,,0.1305084745762711
no_prior_ridge,fluid_intelligence,4,2,seed04_fold02,280.0,50.0,82.0,0.0,0.0,0.0,4.871806859970093,0.3565440597690004,4.581293570088958,3.760488994982867,
no_prior_ridge,working_memory,4,2,seed04_fold02,280.0,50.0,82.0,0.0,0.0,0.0,4.871811628341675,0.1507630088104868,11.639187374735824,9.631754936544558,
mt_ncr_independent,fluid_intelligence,4,3,seed04_fold03,280.0,50.0,82.0,0.0,0.0,0.0,48.82008504867554,0.3608165095077386,4.758059346794627,4.10132116806578,
mt_ncr_independent,working_memory,4,3,seed04_fold03,280.0,50.0,82.0,0.0,0.0,0.0,48.820088624954224,0.2722026809090713,11.794148009851584,9.53410634260388,
mt_ncr_independent,jaccard_top10pct,4,3,seed04_fold03,,,,,,,,,,,0.1006600660066006
mt_ncr_joint_l21,fluid_intelligence,4,3,seed04_fold03,280.0,50.0,82.0,1.0,0.0,0.0,190.99186730384827,0.3567655913705546,4.764168904621244,4.094350382046629,
mt_ncr_joint_l21,working_memory,4,3,seed04_fold03,280.0,50.0,82.0,1.0,0.0,0.0,190.9918727874756,0.2722032862960909,11.794145356289487,9.53410540057004,
mt_ncr_joint_l21,jaccard_top10pct,4,3,seed04_fold03,,,,,,,,,,,0.1742957746478873
no_prior_ridge,fluid_intelligence,4,3,seed04_fold03,280.0,50.0,82.0,0.0,0.0,0.0,5.700129985809326,0.356765041039263,4.7641701057787,4.094352301856132,
no_prior_ridge,working_memory,4,3,seed04_fold03,280.0,50.0,82.0,0.0,0.0,0.0,5.700133562088013,0.2722026809090713,11.794148009851586,9.534106342603884,
mt_ncr_independent,fluid_intelligence,4,4,seed04_fold04,280.0,50.0,82.0,0.0,0.0,0.0,52.883564472198486,0.4140987252296002,4.600839078188345,3.875921094817712,
mt_ncr_independent,working_memory,4,4,seed04_fold04,280.0,50.0,82.0,0.0,0.0,0.0,52.88356733322144,0.270962432687679,11.606894516859194,9.618601409325573,
mt_ncr_independent,jaccard_top10pct,4,4,seed04_fold04,,,,,,,,,,,0.1181894383906119
mt_ncr_joint_l21,fluid_intelligence,4,4,seed04_fold04,280.0,50.0,82.0,1.0,0.0,0.0,182.7566313743592,0.4140979896724732,4.600840350802901,3.87592222956718,
mt_ncr_joint_l21,working_memory,4,4,seed04_fold04,280.0,50.0,82.0,1.0,0.0,0.0,182.7566361427307,0.3891584739740418,10.95095939365701,9.048251266286725,
mt_ncr_joint_l21,jaccard_top10pct,4,4,seed04_fold04,,,,,,,,,,,0.1712028094820017
no_prior_ridge,fluid_intelligence,4,4,seed04_fold04,280.0,50.0,82.0,0.0,0.0,0.0,3.766096591949463,0.4140987252295997,4.600839078188346,3.875921094817712,
no_prior_ridge,working_memory,4,4,seed04_fold04,280.0,50.0,82.0,0.0,0.0,0.0,3.76610279083252,0.2709624326876775,11.606894516859194,9.618601409325573,
mt_ncr_independent,fluid_intelligence,5,0,seed05_fold00,279.0,50.0,83.0,0.0,0.0,0.0,49.74517393112183,0.3638883926733452,4.58391321351415,3.80865524996492,
mt_ncr_independent,working_memory,5,0,seed05_fold00,279.0,50.0,83.0,0.0,0.0,0.0,49.745179653167725,0.0340736516519827,12.954031873217666,10.097666176853142,
mt_ncr_independent,jaccard_top10pct,5,0,seed05_fold00,,,,,,,,,,,0.0943396226415094
mt_ncr_joint_l21,fluid_intelligence,5,0,seed05_fold00,279.0,50.0,83.0,0.1,1.0,0.0,194.98284554481504,0.3624615322327745,4.576575035335496,3.772151687944137,
mt_ncr_joint_l21,working_memory,5,0,seed05_fold00,279.0,50.0,83.0,0.1,1.0,0.0,194.98284816741943,0.0340733965261287,12.954032877639806,10.097678939547206,
mt_ncr_joint_l21,jaccard_top10pct,5,0,seed05_fold00,,,,,,,,,,,0.1450643776824034
no_prior_ridge,fluid_intelligence,5,0,seed05_fold00,279.0,50.0,83.0,0.0,0.0,0.0,4.163195371627808,0.363888392673345,4.583913213514151,3.8086552499649176,
no_prior_ridge,working_memory,5,0,seed05_fold00,279.0,50.0,83.0,0.0,0.0,0.0,4.163207769393921,0.0765491375282274,12.815069718250731,10.002253684062378,
mt_ncr_independent,fluid_intelligence,5,1,seed05_fold01,279.0,50.0,83.0,0.0,0.0,0.0,49.82620930671692,0.3364787588856031,4.42555084938108,3.750990746292637,
mt_ncr_independent,working_memory,5,1,seed05_fold01,279.0,50.0,83.0,0.0,0.0,0.0,49.82621455192566,0.349485147322086,11.800184661385764,9.653293208516402,
mt_ncr_independent,jaccard_top10pct,5,1,seed05_fold01,,,,,,,,,,,0.15
mt_ncr_joint_l21,fluid_intelligence,5,1,seed05_fold01,279.0,50.0,83.0,1.0,0.0,0.0,195.75284123420715,0.3364796915745078,4.425549057984366,3.7509882436700575,
mt_ncr_joint_l21,working_memory,5,1,seed05_fold01,279.0,50.0,83.0,1.0,0.0,0.0,195.7528445720673,0.2787870152840034,11.624961121645098,9.499025090256666,
mt_ncr_joint_l21,jaccard_top10pct,5,1,seed05_fold01,,,,,,,,,,,0.1889483065953654
no_prior_ridge,fluid_intelligence,5,1,seed05_fold01,279.0,50.0,83.0,0.0,0.0,0.0,4.366412401199341,0.3364787588856033,4.42555084938108,3.750990746292636,
no_prior_ridge,working_memory,5,1,seed05_fold01,279.0,50.0,83.0,0.0,0.0,0.0,4.366415977478027,0.349485147322085,11.800184661385764,9.653293208516402,
mt_ncr_independent,fluid_intelligence,5,2,seed05_fold02,280.0,50.0,82.0,0.0,0.0,0.0,52.20032286643982,0.3151242422321223,5.003933568224798,4.221653871308536,
mt_ncr_independent,working_memory,5,2,seed05_fold02,280.0,50.0,82.0,0.0,0.0,0.0,52.20032739639282,-0.066279939277632,10.550963818925911,8.517072565530448,
mt_ncr_independent,jaccard_top10pct,5,2,seed05_fold02,,,,,,,,,,,0.0578905630452022
mt_ncr_joint_l21,fluid_intelligence,5,2,seed05_fold02,280.0,50.0,82.0,1.0,10.0,0.0,196.2686853408813,0.3062831767920466,5.019006533167254,4.24114225166443,
mt_ncr_joint_l21,working_memory,5,2,seed05_fold02,280.0,50.0,82.0,1.0,10.0,0.0,196.2686972618103,0.1024594723113768,10.67645894432656,8.652272487028588,
mt_ncr_joint_l21,jaccard_top10pct,5,2,seed05_fold02,,,,,,,,,,,0.1610095735422106
no_prior_ridge,fluid_intelligence,5,2,seed05_fold02,280.0,50.0,82.0,0.0,0.0,0.0,4.050836086273193,0.3230646457200009,4.9904925956294255,4.202987545311396,
no_prior_ridge,working_memory,5,2,seed05_fold02,280.0,50.0,82.0,0.0,0.0,0.0,4.050848484039307,-0.0661654162201988,10.550958689609717,8.517068354143738,
mt_ncr_independent,fluid_intelligence,5,3,seed05_fold03,280.0,50.0,82.0,0.0,0.0,0.0,50.74826383590698,0.486641893872921,4.619934828909972,3.898188610508604,
mt_ncr_independent,working_memory,5,3,seed05_fold03,280.0,50.0,82.0,0.0,0.0,0.0,50.74826693534851,0.2107015973970051,11.404195666821666,9.414828509938635,
mt_ncr_independent,jaccard_top10pct,5,3,seed05_fold03,,,,,,,,,,,0.1228956228956228
mt_ncr_joint_l21,fluid_intelligence,5,3,seed05_fold03,280.0,50.0,82.0,1.0,0.0,0.0,192.8021638393402,0.4866399944730351,4.619937716481707,3.89819139401716,
mt_ncr_joint_l21,working_memory,5,3,seed05_fold03,280.0,50.0,82.0,1.0,0.0,0.0,192.80216765403748,0.2107012474821762,11.404197732312824,9.41482867248887,
mt_ncr_joint_l21,jaccard_top10pct,5,3,seed05_fold03,,,,,,,,,,,0.1794871794871795
no_prior_ridge,fluid_intelligence,5,3,seed05_fold03,280.0,50.0,82.0,0.0,0.0,0.0,4.732512712478638,0.4866418938729208,4.619934828909972,3.8981886105086048,
no_prior_ridge,working_memory,5,3,seed05_fold03,280.0,50.0,82.0,0.0,0.0,0.0,4.732517957687378,0.2107015973970049,11.404195666821668,9.414828509938634,
mt_ncr_independent,fluid_intelligence,5,4,seed05_fold04,280.0,50.0,82.0,0.0,0.0,0.0,54.48312950134277,0.2635774793780325,4.341542645676348,3.6442081780670295,
mt_ncr_independent,working_memory,5,4,seed05_fold04,280.0,50.0,82.0,0.0,0.0,0.0,54.48313498497009,0.2236901616398741,10.978233608382132,9.1269248033024,
mt_ncr_independent,jaccard_top10pct,5,4,seed05_fold04,,,,,,,,,,,0.1135225375626043
mt_ncr_joint_l21,fluid_intelligence,5,4,seed05_fold04,280.0,50.0,82.0,1.0,0.5,0.0,183.24252939224243,0.2635259513600676,4.337070602805088,3.626342206031635,
mt_ncr_joint_l21,working_memory,5,4,seed05_fold04,280.0,50.0,82.0,1.0,0.5,0.0,183.24253296852112,0.2499422677042157,10.913476676300435,9.1059825183113,
mt_ncr_joint_l21,jaccard_top10pct,5,4,seed05_fold04,,,,,,,,,,,0.1691498685363716
no_prior_ridge,fluid_intelligence,5,4,seed05_fold04,280.0,50.0,82.0,0.0,0.0,0.0,6.778777837753296,0.2635774793780324,4.341542645676348,3.644208178067028,
no_prior_ridge,working_memory,5,4,seed05_fold04,280.0,50.0,82.0,0.0,0.0,0.0,6.778781175613403,0.2542415184233181,10.911426706802215,9.109813183392946,
mt_ncr_independent,fluid_intelligence,6,0,seed06_fold00,279.0,50.0,83.0,0.0,0.0,0.0,63.79773283004761,0.276082486742037,4.3476475384371485,3.6542192788771897,
mt_ncr_independent,working_memory,6,0,seed06_fold00,279.0,50.0,83.0,0.0,0.0,0.0,63.79773569107056,0.1259995465370723,11.75996400863098,9.849094935481729,
mt_ncr_independent,jaccard_top10pct,6,0,seed06_fold00,,,,,,,,,,,0.1372549019607843
mt_ncr_joint_l21,fluid_intelligence,6,0,seed06_fold00,279.0,50.0,83.0,1.0,0.0,0.0,227.251873254776,0.2760850735452539,4.347643314959839,3.6542169315582633,
mt_ncr_joint_l21,working_memory,6,0,seed06_fold00,279.0,50.0,83.0,1.0,0.0,0.0,227.2518856525421,0.125997948543414,11.759969634307176,9.849098664377385,
mt_ncr_joint_l21,jaccard_top10pct,6,0,seed06_fold00,,,,,,,,,,,0.1691498685363716
no_prior_ridge,fluid_intelligence,6,0,seed06_fold00,279.0,50.0,83.0,0.0,0.0,0.0,6.4477386474609375,0.2760824867420363,4.347647538437149,3.654219278877191,
no_prior_ridge,working_memory,6,0,seed06_fold00,279.0,50.0,83.0,0.0,0.0,0.0,6.447743654251099,0.1259995465370716,11.75996400863098,9.84909493548173,
mt_ncr_independent,fluid_intelligence,6,1,seed06_fold01,279.0,50.0,83.0,0.0,0.0,0.0,66.32774519920349,0.4114430531480472,4.277886826836928,3.588461224023235,
mt_ncr_independent,working_memory,6,1,seed06_fold01,279.0,50.0,83.0,0.0,0.0,0.0,66.32774925231934,0.29335438546936,9.950194478729768,8.103994120556315,
mt_ncr_independent,jaccard_top10pct,6,1,seed06_fold01,,,,,,,,,,,0.1228956228956228
mt_ncr_joint_l21,fluid_intelligence,6,1,seed06_fold01,279.0,50.0,83.0,1.0,0.0,0.0,218.17291450500488,0.4114423096756603,4.277888116315101,3.588463307273716,
mt_ncr_joint_l21,working_memory,6,1,seed06_fold01,279.0,50.0,83.0,1.0,0.0,0.0,218.172926902771,0.2933538191667104,9.9501960435099,8.103993616810095,
mt_ncr_joint_l21,jaccard_top10pct,6,1,seed06_fold01,,,,,,,,,,,0.1868327402135231
no_prior_ridge,fluid_intelligence,6,1,seed06_fold01,279.0,50.0,83.0,0.0,0.0,0.0,6.524150133132935,0.4114430531480473,4.277886826836928,3.588461224023236,
no_prior_ridge,working_memory,6,1,seed06_fold01,279.0,50.0,83.0,0.0,0.0,0.0,6.524153470993042,0.29335438546936,9.950194478729768,8.103994120556314,
mt_ncr_independent,fluid_intelligence,6,2,seed06_fold02,280.0,50.0,82.0,0.0,0.0,0.0,67.36489081382751,0.2757351657746913,4.633892912063046,3.8629713925350817,
mt_ncr_independent,working_memory,6,2,seed06_fold02,280.0,50.0,82.0,0.0,0.0,0.0,67.36489725112915,0.1007901842579881,11.929734750441526,10.108335877453584,
mt_ncr_independent,jaccard_top10pct,6,2,seed06_fold02,,,,,,,,,,,0.1353191489361702
mt_ncr_joint_l21,fluid_intelligence,6,2,seed06_fold02,280.0,50.0,82.0,1.0,0.0,0.0,207.5553822517395,0.2757352927464006,4.633892802737045,3.8629721705880535,
mt_ncr_joint_l21,working_memory,6,2,seed06_fold02,280.0,50.0,82.0,1.0,0.0,0.0,207.55538535118103,0.1007899693129535,11.929734925634149,10.108335756234291,
mt_ncr_joint_l21,jaccard_top10pct,6,2,seed06_fold02,,,,,,,,,,,0.1732629727352682
no_prior_ridge,fluid_intelligence,6,2,seed06_fold02,280.0,50.0,82.0,0.0,0.0,0.0,4.670225620269775,0.2757351657746912,4.633892912063046,3.862971392535082,
no_prior_ridge,working_memory,6,2,seed06_fold02,280.0,50.0,82.0,0.0,0.0,0.0,4.6702375411987305,0.1007901842579881,11.929734750441526,10.108335877453586,
mt_ncr_independent,fluid_intelligence,6,3,seed06_fold03,280.0,50.0,82.0,0.0,0.0,0.0,52.80892753601074,0.419925085655178,4.255430730030701,3.709435882410839,
mt_ncr_independent,working_memory,6,3,seed06_fold03,280.0,50.0,82.0,0.0,0.0,0.0,52.80893135070801,0.2022464174248148,10.537834505570132,7.794392221198791,
mt_ncr_independent,jaccard_top10pct,6,3,seed06_fold03,,,,,,,,,,,0.1353191489361702
mt_ncr_joint_l21,fluid_intelligence,6,3,seed06_fold03,280.0,50.0,82.0,10.0,0.0,0.0,180.513587474823,0.3995933341292054,4.5173829075680665,4.012994829443271,
mt_ncr_joint_l21,working_memory,6,3,seed06_fold03,280.0,50.0,82.0,10.0,0.0,0.0,180.51359105110168,0.2022471411237825,10.537833651641202,7.794390888494995,
mt_ncr_joint_l21,jaccard_top10pct,6,3,seed06_fold03,,,,,,,,,,,0.2317636195752539
no_prior_ridge,fluid_intelligence,6,3,seed06_fold03,280.0,50.0,82.0,0.0,0.0,0.0,4.458330392837524,0.4199250856551781,4.255430730030701,3.709435882410839,
no_prior_ridge,working_memory,6,3,seed06_fold03,280.0,50.0,82.0,0.0,0.0,0.0,4.458333730697632,0.2022464174248156,10.537834505570132,7.794392221198791,
mt_ncr_independent,fluid_intelligence,6,4,seed06_fold04,280.0,50.0,82.0,0.0,0.0,0.0,47.96323466300965,0.4205134678660391,5.31052981512181,4.480419029711882,
mt_ncr_independent,working_memory,6,4,seed06_fold04,280.0,50.0,82.0,0.0,0.0,0.0,47.96323823928833,0.4119089193775543,12.131890001272108,10.184065344816544,
mt_ncr_independent,jaccard_top10pct,6,4,seed06_fold04,,,,,,,,,,,0.0970394736842105
mt_ncr_joint_l21,fluid_intelligence,6,4,seed06_fold04,280.0,50.0,82.0,10.0,0.0,0.0,186.74143147468567,0.4173514402181431,5.549890006366164,4.69879894240792,
mt_ncr_joint_l21,working_memory,6,4,seed06_fold04,280.0,50.0,82.0,10.0,0.0,0.0,186.7414350509644,0.4119096174278563,12.131889327802156,10.184064988469164,
mt_ncr_joint_l21,jaccard_top10pct,6,4,seed06_fold04,,,,,,,,,,,0.1671041119860017
no_prior_ridge,fluid_intelligence,6,4,seed06_fold04,280.0,50.0,82.0,0.0,0.0,0.0,4.757032871246338,0.4038482080872699,5.280443450014205,4.445730440131539,
no_prior_ridge,working_memory,6,4,seed06_fold04,280.0,50.0,82.0,0.0,0.0,0.0,4.757036924362183,0.4119089193775532,12.13189000127211,10.184065344816544,
mt_ncr_independent,fluid_intelligence,7,0,seed07_fold00,279.0,50.0,83.0,0.0,0.0,0.0,58.00878667831421,0.3216336989505943,4.417323944052113,3.762235696096351,
mt_ncr_independent,working_memory,7,0,seed07_fold00,279.0,50.0,83.0,0.0,0.0,0.0,58.00879096984863,0.304584489837478,11.72273531978986,9.14122461824069,
mt_ncr_independent,jaccard_top10pct,7,0,seed07_fold00,,,,,,,,,,,0.1362862010221465
mt_ncr_joint_l21,fluid_intelligence,7,0,seed07_fold00,279.0,50.0,83.0,1.0,0.5,0.0,178.87042093276978,0.312139633264,4.430771548839518,3.778108788371224,
mt_ncr_joint_l21,working_memory,7,0,seed07_fold00,279.0,50.0,83.0,1.0,0.5,0.0,178.87043380737305,0.3147210730210688,11.401428182351736,8.826160777828074,
mt_ncr_joint_l21,jaccard_top10pct,7,0,seed07_fold00,,,,,,,,,,,0.1857777777777777
no_prior_ridge,fluid_intelligence,7,0,seed07_fold00,279.0,50.0,83.0,0.0,0.0,0.0,5.381520986557007,0.3216336989505949,4.417323944052112,3.762235696096349,
no_prior_ridge,working_memory,7,0,seed07_fold00,279.0,50.0,83.0,0.0,0.0,0.0,5.381577968597412,0.304584489837478,11.72273531978986,9.14122461824069,
mt_ncr_independent,fluid_intelligence,7,1,seed07_fold01,279.0,50.0,83.0,0.0,0.0,0.0,54.6741316318512,0.4229413390659338,4.887305723583591,4.158523775712912,
mt_ncr_independent,working_memory,7,1,seed07_fold01,279.0,50.0,83.0,0.0,0.0,0.0,54.67413640022278,0.174137528233286,11.1199719124162,9.340246196469153,
mt_ncr_independent,jaccard_top10pct,7,1,seed07_fold01,,,,,,,,,,,0.1116666666666666
mt_ncr_joint_l21,fluid_intelligence,7,1,seed07_fold01,279.0,50.0,83.0,1.0,2.0,0.0,189.8654646873474,0.4490359020197262,4.628685779583631,3.878701227333533,
mt_ncr_joint_l21,working_memory,7,1,seed07_fold01,279.0,50.0,83.0,1.0,2.0,0.0,189.86546874046329,0.2036589240404074,10.334784017715103,8.676635764104024,
mt_ncr_joint_l21,jaccard_top10pct,7,1,seed07_fold01,,,,,,,,,,,0.1353191489361702
no_prior_ridge,fluid_intelligence,7,1,seed07_fold01,279.0,50.0,83.0,0.0,0.0,0.0,4.234384536743164,0.4229413390659335,4.887305723583591,4.158523775712912,
no_prior_ridge,working_memory,7,1,seed07_fold01,279.0,50.0,83.0,0.0,0.0,0.0,4.23438835144043,0.2076643435227508,10.350595781647687,8.71981306441349,
mt_ncr_independent,fluid_intelligence,7,2,seed07_fold02,280.0,50.0,82.0,0.0,0.0,0.0,47.73603677749634,0.3883418605410038,4.537247081697273,3.8375849586654303,
mt_ncr_independent,working_memory,7,2,seed07_fold02,280.0,50.0,82.0,0.0,0.0,0.0,47.73603940010071,0.1700860582281068,11.610036085299203,9.436801483212651,
mt_ncr_independent,jaccard_top10pct,7,2,seed07_fold02,,,,,,,,,,,0.1163179916317991
mt_ncr_joint_l21,fluid_intelligence,7,2,seed07_fold02,280.0,50.0,82.0,1.0,0.0,0.0,396.2037732601166,0.3883427683703094,4.5372455235500615,3.8375838558526008,
mt_ncr_joint_l21,working_memory,7,2,seed07_fold02,280.0,50.0,82.0,1.0,0.0,0.0,396.2037773132324,0.1709316194616122,11.628451263920224,9.426781614245716,
mt_ncr_joint_l21,jaccard_top10pct,7,2,seed07_fold02,,,,,,,,,,,0.1671041119860017
no_prior_ridge,fluid_intelligence,7,2,seed07_fold02,280.0,50.0,82.0,0.0,0.0,0.0,18.39904499053955,0.3883418605410036,4.537247081697273,3.8375849586654303,
no_prior_ridge,working_memory,7,2,seed07_fold02,280.0,50.0,82.0,0.0,0.0,0.0,18.39904928207397,0.1709315206528143,11.628451200188596,9.426780463489816,
mt_ncr_independent,fluid_intelligence,7,3,seed07_fold03,280.0,50.0,82.0,0.0,0.0,0.0,161.51299715042114,0.3728841617454403,5.008827248852739,4.240079452506126,
mt_ncr_independent,working_memory,7,3,seed07_fold03,280.0,50.0,82.0,0.0,0.0,0.0,161.5130009651184,0.3114060906550352,11.285280131885056,9.438953630465944,
mt_ncr_independent,jaccard_top10pct,7,3,seed07_fold03,,,,,,,,,,,0.1061359867330016
mt_ncr_joint_l21,fluid_intelligence,7,3,seed07_fold03,280.0,50.0,82.0,10.0,0.0,0.0,191.03343558311465,0.3728842962787715,5.0088272979122905,4.240079219936814,
mt_ncr_joint_l21,working_memory,7,3,seed07_fold03,280.0,50.0,82.0,10.0,0.0,0.0,191.03344774246216,0.2959223007130694,11.554189366722897,9.592098481263106,
mt_ncr_joint_l21,jaccard_top10pct,7,3,seed07_fold03,,,,,,,,,,,0.2351851851851852
no_prior_ridge,fluid_intelligence,7,3,seed07_fold03,280.0,50.0,82.0,0.0,0.0,0.0,5.407776594161987,0.3728841617454403,5.008827248852739,4.240079452506126,
no_prior_ridge,working_memory,7,3,seed07_fold03,280.0,50.0,82.0,0.0,0.0,0.0,5.407788276672363,0.2959231377387521,11.554188243437917,9.592097453674718,
mt_ncr_independent,fluid_intelligence,7,4,seed07_fold04,280.0,50.0,82.0,0.0,0.0,0.0,53.03524136543274,0.3154964902195027,4.537577397360158,3.828549756110964,
mt_ncr_independent,working_memory,7,4,seed07_fold04,280.0,50.0,82.0,0.0,0.0,0.0,53.03524565696716,0.2012472208843589,11.168837366075346,9.35101512150045,
mt_ncr_independent,jaccard_top10pct,7,4,seed07_fold04,,,,,,,,,,,0.099752679307502
mt_ncr_joint_l21,fluid_intelligence,7,4,seed07_fold04,280.0,50.0,82.0,1.0,0.0,0.0,188.5826745033264,0.2998835602579742,4.467569047317406,3.7867994861058794,
mt_ncr_joint_l21,working_memory,7,4,seed07_fold04,280.0,50.0,82.0,1.0,0.0,0.0,188.58267760276797,0.2012465712969714,11.168839194548507,9.35101585982456,
mt_ncr_joint_l21,jaccard_top10pct,7,4,seed07_fold04,,,,,,,,,,,0.1847246891651865
no_prior_ridge,fluid_intelligence,7,4,seed07_fold04,280.0,50.0,82.0,0.0,0.0,0.0,5.336634635925293,0.3154964902195031,4.537577397360157,3.8285497561109634,
no_prior_ridge,working_memory,7,4,seed07_fold04,280.0,50.0,82.0,0.0,0.0,0.0,5.3366379737854,0.2012472208843592,11.168837366075344,9.351015121500447,
mt_ncr_independent,fluid_intelligence,8,0,seed08_fold00,279.0,50.0,83.0,0.0,0.0,0.0,54.32811427116394,0.4020869199724478,4.520244696800838,3.926564213627411,
mt_ncr_independent,working_memory,8,0,seed08_fold00,279.0,50.0,83.0,0.0,0.0,0.0,54.328118085861206,0.1184732151616753,12.004353985846173,9.496662540089089,
mt_ncr_independent,jaccard_top10pct,8,0,seed08_fold00,,,,,,,,,,,0.0810372771474878
mt_ncr_joint_l21,fluid_intelligence,8,0,seed08_fold00,279.0,50.0,83.0,0.1,0.0,0.0,191.9857370853424,0.4110947966309112,4.490996956466406,3.854628962768524,
mt_ncr_joint_l21,working_memory,8,0,seed08_fold00,279.0,50.0,83.0,0.1,0.0,0.0,191.98574900627136,0.1369376984379406,11.768611647981242,9.395419741448318,
mt_ncr_joint_l21,jaccard_top10pct,8,0,seed08_fold00,,,,,,,,,,,0.144082332761578
no_prior_ridge,fluid_intelligence,8,0,seed08_fold00,279.0,50.0,83.0,0.0,0.0,0.0,5.047741889953613,0.3954464120949176,4.513336656956263,3.919280422932853,
no_prior_ridge,working_memory,8,0,seed08_fold00,279.0,50.0,83.0,0.0,0.0,0.0,5.047754526138306,0.1184732151616752,12.004353985846173,9.496662540089083,
mt_ncr_independent,fluid_intelligence,8,1,seed08_fold01,279.0,50.0,83.0,0.0,0.0,0.0,49.985281467437744,0.3384258869856861,4.798818268786231,4.045360795958462,
mt_ncr_independent,working_memory,8,1,seed08_fold01,279.0,50.0,83.0,0.0,0.0,0.0,49.985294818878174,0.3162854893981291,10.796877858053438,8.920200430491667,
mt_ncr_independent,jaccard_top10pct,8,1,seed08_fold01,,,,,,,,,,,0.0970394736842105
mt_ncr_joint_l21,fluid_intelligence,8,1,seed08_fold01,279.0,50.0,83.0,1.0,0.0,0.0,190.38061094284055,0.3438645051013095,4.788032038719461,4.033942718594019,
mt_ncr_joint_l21,working_memory,8,1,seed08_fold01,279.0,50.0,83.0,1.0,0.0,0.0,190.3806145191193,0.3162853925982284,10.796878309307328,8.920197820958375,
mt_ncr_joint_l21,jaccard_top10pct,8,1,seed08_fold01,,,,,,,,,,,0.1671041119860017
no_prior_ridge,fluid_intelligence,8,1,seed08_fold01,279.0,50.0,83.0,0.0,0.0,0.0,5.299753904342651,0.3438643470228552,4.788032352134023,4.033942919173974,
no_prior_ridge,working_memory,8,1,seed08_fold01,279.0,50.0,83.0,0.0,0.0,0.0,5.29976749420166,0.316285489398129,10.796877858053437,8.920200430491668,
mt_ncr_independent,fluid_intelligence,8,2,seed08_fold02,280.0,50.0,82.0,0.0,0.0,0.0,55.150270223617554,0.3625491396386471,4.546943435064809,3.707502851878245,
mt_ncr_independent,working_memory,8,2,seed08_fold02,280.0,50.0,82.0,0.0,0.0,0.0,55.15032172203064,0.2491736673477997,10.941901963829403,9.146566759242525,
mt_ncr_independent,jaccard_top10pct,8,2,seed08_fold02,,,,,,,,,,,0.1382252559726962
mt_ncr_joint_l21,fluid_intelligence,8,2,seed08_fold02,280.0,50.0,82.0,10.0,0.0,0.0,183.497575044632,0.2291143736962269,4.706930985142823,3.961400887262549,
mt_ncr_joint_l21,working_memory,8,2,seed08_fold02,280.0,50.0,82.0,10.0,0.0,0.0,183.49757862091064,0.2507808879064938,10.938498641172464,9.143488691065476,
mt_ncr_joint_l21,jaccard_top10pct,8,2,seed08_fold02,,,,,,,,,,,0.2272309107635694
no_prior_ridge,fluid_intelligence,8,2,seed08_fold02,280.0,50.0,82.0,0.0,0.0,0.0,4.306281089782715,0.3625491396386473,4.546943435064808,3.7075028518782447,
no_prior_ridge,working_memory,8,2,seed08_fold02,280.0,50.0,82.0,0.0,0.0,0.0,4.30628514289856,0.2507808863876512,10.938498736048585,9.143488265645816,
mt_ncr_independent,fluid_intelligence,8,3,seed08_fold03,280.0,50.0,82.0,0.0,0.0,0.0,48.546618700027466,0.2262547494626765,4.641704845919114,3.863526733809565,
mt_ncr_independent,working_memory,8,3,seed08_fold03,280.0,50.0,82.0,0.0,0.0,0.0,48.546621799468994,0.2383095065403043,11.32051305398363,8.948663509802783,
mt_ncr_independent,jaccard_top10pct,8,3,seed08_fold03,,,,,,,,,,,0.1079734219269103
mt_ncr_joint_l21,fluid_intelligence,8,3,seed08_fold03,280.0,50.0,82.0,10.0,10.0,0.0,190.64074683189392,0.2335328746934286,4.435383099492451,3.763213113706664,
mt_ncr_joint_l21,working_memory,8,3,seed08_fold03,280.0,50.0,82.0,10.0,10.0,0.0,190.64075136184687,0.2383086127748016,11.320513803975448,8.948663716007154,
mt_ncr_joint_l21,jaccard_top10pct,8,3,seed08_fold03,,,,,,,,,,,0.1900089206066012
no_prior_ridge,fluid_intelligence,8,3,seed08_fold03,280.0,50.0,82.0,0.0,0.0,0.0,3.843249082565308,0.1822016595436619,4.749225276170942,3.964740444364966,
no_prior_ridge,working_memory,8,3,seed08_fold03,280.0,50.0,82.0,0.0,0.0,0.0,3.843253135681152,0.2584245105293334,11.2780799866663,8.896727328554581,
mt_ncr_independent,fluid_intelligence,8,4,seed08_fold04,280.0,50.0,82.0,0.0,0.0,0.0,69.24484276771545,0.4270021950698475,4.767322127641604,4.07592982694405,
mt_ncr_independent,working_memory,8,4,seed08_fold04,280.0,50.0,82.0,0.0,0.0,0.0,69.24484705924988,0.2090075734756223,11.597489929148342,9.393952407553671,
mt_ncr_independent,jaccard_top10pct,8,4,seed08_fold04,,,,,,,,,,,0.1421232876712329
mt_ncr_joint_l21,fluid_intelligence,8,4,seed08_fold04,280.0,50.0,82.0,10.0,0.0,0.0,223.6815061569214,0.3639216909839139,5.00677541594162,4.265837413296882,
mt_ncr_joint_l21,working_memory,8,4,seed08_fold04,280.0,50.0,82.0,10.0,0.0,0.0,223.68151998519895,0.2401381923083042,11.427210360957432,9.318855207061192,
mt_ncr_joint_l21,jaccard_top10pct,8,4,seed08_fold04,,,,,,,,,,,0.2261029411764706
no_prior_ridge,fluid_intelligence,8,4,seed08_fold04,280.0,50.0,82.0,0.0,0.0,0.0,6.258717060089111,0.4270021950698474,4.767322127641604,4.075929826944049,
no_prior_ridge,working_memory,8,4,seed08_fold04,280.0,50.0,82.0,0.0,0.0,0.0,6.25873064994812,0.2090075734756223,11.597489929148342,9.393952407553671,
mt_ncr_independent,fluid_intelligence,9,0,seed09_fold00,279.0,50.0,83.0,0.0,0.0,0.0,68.94812965393066,0.3333268343462699,4.714076208517263,3.91990335067812,
mt_ncr_independent,working_memory,9,0,seed09_fold00,279.0,50.0,83.0,0.0,0.0,0.0,68.94813442230225,0.3098658818674371,11.878431585535406,9.573474244875586,
mt_ncr_independent,jaccard_top10pct,9,0,seed09_fold00,,,,,,,,,,,0.1125938281901584
mt_ncr_joint_l21,fluid_intelligence,9,0,seed09_fold00,279.0,50.0,83.0,1.0,0.0,0.0,235.76159524917605,0.3333278836383907,4.714074272943666,3.919901411369183,
mt_ncr_joint_l21,working_memory,9,0,seed09_fold00,279.0,50.0,83.0,1.0,0.0,0.0,235.7615988254547,0.3098654433771018,11.878432640846006,9.5734733253934,
mt_ncr_joint_l21,jaccard_top10pct,9,0,seed09_fold00,,,,,,,,,,,0.1579861111111111
no_prior_ridge,fluid_intelligence,9,0,seed09_fold00,279.0,50.0,83.0,0.0,0.0,0.0,6.545434713363648,0.3333268343462699,4.714076208517263,3.91990335067812,
no_prior_ridge,working_memory,9,0,seed09_fold00,279.0,50.0,83.0,0.0,0.0,0.0,6.545451402664185,0.3098658818674377,11.878431585535404,9.573474244875584,
mt_ncr_independent,fluid_intelligence,9,1,seed09_fold01,279.0,50.0,83.0,0.0,0.0,0.0,69.52083683013916,0.3558730426197731,4.711537295588005,4.005197768903649,
mt_ncr_independent,working_memory,9,1,seed09_fold01,279.0,50.0,83.0,0.0,0.0,0.0,69.52083992958069,0.2019698935813257,11.13141501244071,9.161658011711983,
mt_ncr_independent,jaccard_top10pct,9,1,seed09_fold01,,,,,,,,,,,0.1257383966244726
mt_ncr_joint_l21,fluid_intelligence,9,1,seed09_fold01,279.0,50.0,83.0,1.0,0.0,0.0,190.8536937236786,0.3558732013528282,4.711536990456384,4.005196531257265,
mt_ncr_joint_l21,working_memory,9,1,seed09_fold01,279.0,50.0,83.0,1.0,0.0,0.0,190.8536970615387,0.2019697618308273,11.131415818642015,9.16165778816189,
mt_ncr_joint_l21,jaccard_top10pct,9,1,seed09_fold01,,,,,,,,,,,0.1620209059233449
no_prior_ridge,fluid_intelligence,9,1,seed09_fold01,279.0,50.0,83.0,0.0,0.0,0.0,5.498632192611694,0.3558730426197733,4.711537295588004,4.005197768903647,
no_prior_ridge,working_memory,9,1,seed09_fold01,279.0,50.0,83.0,0.0,0.0,0.0,5.498635530471802,0.2019698935813252,11.131415012440714,9.16165801171199,
mt_ncr_independent,fluid_intelligence,9,2,seed09_fold02,280.0,50.0,82.0,0.0,0.0,0.0,52.21017599105835,0.342654012984188,4.411443202437734,3.768872016962259,
mt_ncr_independent,working_memory,9,2,seed09_fold02,280.0,50.0,82.0,0.0,0.0,0.0,52.21017956733704,0.2395158158899105,11.090506101477636,8.985775330045698,
mt_ncr_independent,jaccard_top10pct,9,2,seed09_fold02,,,,,,,,,,,0.1024793388429752
mt_ncr_joint_l21,fluid_intelligence,9,2,seed09_fold02,280.0,50.0,82.0,1.0,0.0,0.0,183.49567246437076,0.3965949097010058,4.324688445384136,3.681209191082147,
mt_ncr_joint_l21,working_memory,9,2,seed09_fold02,280.0,50.0,82.0,1.0,0.0,0.0,183.495676279068,0.2395166645911037,11.090503747815848,8.985772308477527,
mt_ncr_joint_l21,jaccard_top10pct,9,2,seed09_fold02,,,,,,,,,,,0.1836734693877551
no_prior_ridge,fluid_intelligence,9,2,seed09_fold02,280.0,50.0,82.0,0.0,0.0,0.0,3.846760034561157,0.39659644925189,4.324686137356867,3.681207485233212,
no_prior_ridge,working_memory,9,2,seed09_fold02,280.0,50.0,82.0,0.0,0.0,0.0,3.846771001815796,0.2395158158899108,11.090506101477636,8.9857753300457,
mt_ncr_independent,fluid_intelligence,9,3,seed09_fold03,280.0,50.0,82.0,0.0,0.0,0.0,47.88638710975647,0.5204714617141397,4.264128205633405,3.4297245334988964,
mt_ncr_independent,working_memory,9,3,seed09_fold03,280.0,50.0,82.0,0.0,0.0,0.0,47.88639187812805,0.2979907367096769,10.381888575317102,8.461231501999519,
mt_ncr_independent,jaccard_top10pct,9,3,seed09_fold03,,,,,,,,,,,0.0758064516129032
mt_ncr_independent,fluid_intelligence,9,4,seed09_fold04,280.0,50.0,82.0,0.0,0.0,0.0,50.308252573013306,0.25287077871227254,4.914000286612824,4.0033698971759115,
mt_ncr_independent,working_memory,9,4,seed09_fold04,280.0,50.0,82.0,0.0,0.0,0.0,50.30825662612915,0.21703157782055968,11.14005583794762,9.010326883447767,
mt_ncr_independent,jaccard_top10pct,9,4,seed09_fold04,,,,,,,,,,,0.10613598673300166
mt_ncr_joint_l21,fluid_intelligence,9,4,seed09_fold04,280.0,50.0,82.0,1.0,0.0,0.0,177.1148717403412,0.2386593670453237,4.732725193529014,4.017891761784726,
mt_ncr_joint_l21,working_memory,9,4,seed09_fold04,280.0,50.0,82.0,1.0,0.0,0.0,177.11490154266357,0.21703307209950823,11.140050451093666,9.010324263080806,
mt_ncr_joint_l21,jaccard_top10pct,9,4,seed09_fold04,,,,,,,,,,,0.2050587172538392
no_prior_ridge,fluid_intelligence,9,4,seed09_fold04,280.0,50.0,82.0,0.0,0.0,0.0,4.901849031448364,0.2528707787122725,4.914000286612823,4.0033698971759115,
no_prior_ridge,working_memory,9,4,seed09_fold04,280.0,50.0,82.0,0.0,0.0,0.0,4.901862144470215,0.21703157782055957,11.140055837947619,9.010326883447766,
