method,target,N,seed,fold,n_train,n_val,n_test,runtime_seconds,pearson,rmse,mae
ncr_contrastive,fluid_intelligence,50,0,0,34,6,10,12.752841711044312,0.6117736360371047,5.204590977307939,3.8942670441983296
no_prior_ridge,fluid_intelligence,50,0,0,34,6,10,0.1203341484069824,0.6117736360371047,5.204590977307939,3.8942670441983296
ncr_contrastive,fluid_intelligence,50,0,1,34,6,10,13.476004362106323,0.1537586757590817,4.550165323188616,4.097920591304754
no_prior_ridge,fluid_intelligence,50,0,1,34,6,10,0.2439017295837402,0.237026029944435,4.411634743464046,3.950603678424767
ncr_contrastive,fluid_intelligence,50,0,2,34,6,10,14.963791370391846,0.0776364567870619,5.005978138364218,4.737923968216004
no_prior_ridge,fluid_intelligence,50,0,2,34,6,10,0.3055720329284668,0.0776364567870603,5.00597813836422,4.737923968216006
ncr_contrastive,fluid_intelligence,50,0,3,34,6,10,13.802022218704224,0.4333256584901569,4.927389581466968,4.098725569579789
no_prior_ridge,fluid_intelligence,50,0,3,34,6,10,0.2592005729675293,0.4333256584901569,4.927389581466968,4.098725569579789
ncr_contrastive,fluid_intelligence,50,0,4,34,6,10,15.06587815284729,0.4865314021669931,4.872840880762699,4.050618969618974
no_prior_ridge,fluid_intelligence,50,0,4,34,6,10,0.1122076511383056,0.3694921239056228,4.99450298148266,4.088602694352477
ncr_contrastive,fluid_intelligence,50,1,0,34,6,10,12.23260235786438,0.2367049677005442,3.653267102146047,2.9199267613404354
no_prior_ridge,fluid_intelligence,50,1,0,34,6,10,0.328136682510376,0.2370393342279618,3.6532659701843904,2.919927073454244
ncr_contrastive,fluid_intelligence,50,1,1,34,6,10,12.894042015075684,-0.2404674256210705,4.711287847043629,4.570714520970912
no_prior_ridge,fluid_intelligence,50,1,1,34,6,10,0.186575174331665,-0.2416542704086299,4.711290154224521,4.570716855344557
ncr_contrastive,fluid_intelligence,50,1,2,34,6,10,13.218263864517212,-0.2486154706565284,6.908079536797342,5.880416916853133
no_prior_ridge,fluid_intelligence,50,1,2,34,6,10,0.1219227313995361,-0.2633533487235373,6.895214328316542,5.839548369654746
ncr_contrastive,fluid_intelligence,50,1,3,34,6,10,13.817161321640016,-0.0447563983578679,3.9365568803335633,3.630243801829773
no_prior_ridge,fluid_intelligence,50,1,3,34,6,10,0.2724366188049316,-0.0451416269616103,3.9365580087740617,3.6302451794350015
ncr_contrastive,fluid_intelligence,50,1,4,34,6,10,13.266390085220335,-0.006375137702324,5.2650533008497,4.399072822211616
no_prior_ridge,fluid_intelligence,50,1,4,34,6,10,0.0989253520965576,-0.0066234470083048,5.265054257208035,4.399071686273819
ncr_contrastive,fluid_intelligence,50,2,0,34,6,10,10.445501804351808,0.2328464478973428,4.489614898638757,3.480144648225153
no_prior_ridge,fluid_intelligence,50,2,0,34,6,10,0.155771255493164,0.2328464478973428,4.489614898638757,3.480144648225153
ncr_contrastive,fluid_intelligence,50,2,1,34,6,10,14.000196933746338,0.297479784519189,8.261337831268182,7.43156033650177
no_prior_ridge,fluid_intelligence,50,2,1,34,6,10,0.3071863651275635,0.5112372310667022,7.594744217104438,6.716213572276321
ncr_contrastive,fluid_intelligence,50,2,2,34,6,10,14.372034788131714,-0.2882189237027939,5.548841543828143,4.6345759971844505
no_prior_ridge,fluid_intelligence,50,2,2,34,6,10,0.1204392910003662,-0.2882189237027941,5.548841543828142,4.63457599718445
ncr_contrastive,fluid_intelligence,50,2,3,34,6,10,14.804559707641602,-0.074150790528906,4.521553686126167,4.200439122300374
no_prior_ridge,fluid_intelligence,50,2,3,34,6,10,0.2827851772308349,-0.0741507905289064,4.521553686126165,4.200439122300372
ncr_contrastive,fluid_intelligence,50,2,4,34,6,10,13.484619617462158,0.1648723237226386,5.997791188876716,5.099048560866632
no_prior_ridge,fluid_intelligence,50,2,4,34,6,10,0.3240580558776855,0.1652040374819073,5.99778987617401,5.099046581587315
ncr_contrastive,working_memory,50,0,0,34,6,10,13.26864457130432,0.0640094412058319,15.429831181643616,12.671063011482683
no_prior_ridge,working_memory,50,0,0,34,6,10,0.1467206478118896,0.064009441205833,15.429831181643609,12.671063011482678
ncr_contrastive,working_memory,50,0,1,34,6,10,11.985832452774048,-0.0975289301922385,15.867988574358872,15.188679819144005
no_prior_ridge,working_memory,50,0,1,34,6,10,0.1032071113586425,-0.0975289301922378,15.867988574358872,15.188679819144005
ncr_contrastive,working_memory,50,0,2,34,6,10,14.259499549865724,-0.3340258254364629,13.152841072556436,9.524555909787937
no_prior_ridge,working_memory,50,0,2,34,6,10,0.5066390037536621,-0.3186053465215633,13.171132756661557,9.568197476344254
ncr_contrastive,working_memory,50,0,3,34,6,10,14.81615161895752,-0.2139681144224612,18.159525456528566,13.659720242138718
no_prior_ridge,working_memory,50,0,3,34,6,10,0.1355876922607422,-0.1511633589224821,17.415748501514095,12.941037565966724
ncr_contrastive,working_memory,50,0,4,34,6,10,13.209356307983398,0.1536829328309926,9.855174372852607,7.078068652799391
no_prior_ridge,working_memory,50,0,4,34,6,10,0.143845796585083,0.2002743064788869,9.607451698016654,7.281114762577715
ncr_contrastive,working_memory,50,1,0,34,6,10,14.254673480987549,0.662738695746313,7.414068361188202,6.566481344909136
no_prior_ridge,working_memory,50,1,0,34,6,10,0.15580415725708,0.6627386957463115,7.414068361188208,6.566481344909138
ncr_contrastive,working_memory,50,1,1,34,6,10,11.594251155853271,0.4593306407466361,9.904467999162271,8.40907878788752
no_prior_ridge,working_memory,50,1,1,34,6,10,0.1940386295318603,0.5275609026660304,10.01625602878947,8.293995272587711
ncr_contrastive,working_memory,50,1,2,34,6,10,15.477225065231323,0.4248567724251768,12.195533110628952,10.937074599948764
no_prior_ridge,working_memory,50,1,2,34,6,10,0.0909807682037353,0.4248567724251771,12.19553311062895,10.937074599948762
ncr_contrastive,working_memory,50,1,3,34,6,10,11.302531719207764,-0.4041259750134829,11.579020221106036,9.32936235721024
no_prior_ridge,working_memory,50,1,3,34,6,10,0.3133320808410644,-0.4041259750134829,11.579020221106036,9.32936235721024
ncr_contrastive,working_memory,50,1,4,34,6,10,14.180301666259766,0.6065934376578923,13.10335128549017,11.248746834890309
no_prior_ridge,working_memory,50,1,4,34,6,10,0.1664731502532959,0.5317128533062799,14.542177523864506,10.87925713098823
ncr_contrastive,working_memory,50,2,0,34,6,10,12.075703382492064,-0.6613831752882878,16.15952991258401,13.184294184600205
no_prior_ridge,working_memory,50,2,0,34,6,10,0.1303050518035888,-0.6610992949927039,16.159523168987295,13.184288685080958
ncr_contrastive,working_memory,50,2,1,34,6,10,12.571753740310667,0.056732955562305,13.094633874427473,11.95766275455176
no_prior_ridge,working_memory,50,2,1,34,6,10,0.1148138046264648,0.0564406096439009,13.094632993565126,11.957659845240736
ncr_contrastive,working_memory,50,2,2,34,6,10,11.211938619613647,0.1487767097558587,8.336729840681746,6.000598346322792
no_prior_ridge,working_memory,50,2,2,34,6,10,0.2286586761474609,0.1493996630411,8.336721304236713,6.000594181417808
ncr_contrastive,working_memory,50,2,3,34,6,10,12.613345623016356,-0.0660548412186454,7.594638138387549,6.484720415151142
no_prior_ridge,working_memory,50,2,3,34,6,10,0.1002833843231201,-0.0660548412186467,7.594638138387554,6.484720415151143
ncr_contrastive,working_memory,50,2,4,34,6,10,10.20500349998474,-0.22000503374165,14.817502382405443,12.28100851662742
no_prior_ridge,working_memory,50,2,4,34,6,10,0.1573338508605957,-0.3186667797966271,14.628963869162476,12.40772515370585
ncr_contrastive,fluid_intelligence,100,0,0,68,12,20,11.764337301254272,0.1519889566270822,4.737026491957438,3.711441201532736
no_prior_ridge,fluid_intelligence,100,0,0,68,12,20,0.4509990215301513,0.109974915203265,4.590504280328123,3.7119603255749833
ncr_contrastive,fluid_intelligence,100,0,1,68,12,20,13.530143022537231,0.2440235806501579,4.536408689465831,3.905668759416808
no_prior_ridge,fluid_intelligence,100,0,1,68,12,20,0.1474268436431884,0.2631476475024919,4.49313180421495,3.8607364148530072
ncr_contrastive,fluid_intelligence,100,0,2,68,12,20,11.879953861236572,0.3652381643400362,4.1141679390000805,3.532960302530667
no_prior_ridge,fluid_intelligence,100,0,2,68,12,20,0.2173774242401123,0.3652381643400342,4.114167939000084,3.5329603025306704
ncr_contrastive,fluid_intelligence,100,0,3,68,12,20,12.444093227386476,-0.0601760784365133,5.597569432783825,4.642039540615997
no_prior_ridge,fluid_intelligence,100,0,3,68,12,20,1.140397071838379,-0.0601760784365124,5.597569432783821,4.642039540615994
ncr_contrastive,fluid_intelligence,100,0,4,68,12,20,13.693639993667604,0.2260638464786372,4.637216570075211,3.88637915140038
no_prior_ridge,fluid_intelligence,100,0,4,68,12,20,0.558295488357544,0.3521233299890988,4.359137696460612,3.686806300581289
ncr_contrastive,fluid_intelligence,100,1,0,68,12,20,13.449246406555176,0.018897996370695,4.764049278399026,4.049368180715739
no_prior_ridge,fluid_intelligence,100,1,0,68,12,20,0.1750061511993408,0.0193741602024093,4.764047528225448,4.049365900831978
ncr_contrastive,fluid_intelligence,100,1,1,68,12,20,13.099406242370604,-0.0420358029233466,5.613961121024996,4.8126505765345255
no_prior_ridge,fluid_intelligence,100,1,1,68,12,20,0.3633608818054199,-0.0416182469749502,5.613959735206518,4.812649749247529
ncr_contrastive,fluid_intelligence,100,1,2,68,12,20,13.647165775299072,0.321243145230747,5.072385684754296,4.634197025880458
no_prior_ridge,fluid_intelligence,100,1,2,68,12,20,0.1801018714904785,0.3212431452307472,5.072385684754295,4.634197025880458
ncr_contrastive,fluid_intelligence,100,1,3,68,12,20,13.151732921600342,0.133052418464403,5.170978246057956,4.498799327327247
no_prior_ridge,fluid_intelligence,100,1,3,68,12,20,0.2226932048797607,0.1990871113416712,5.054581970705852,4.377559278514871
ncr_contrastive,fluid_intelligence,100,1,4,68,12,20,11.14678192138672,0.2049555473330382,4.170441352089196,3.4101909146332448
no_prior_ridge,fluid_intelligence,100,1,4,68,12,20,0.2906656265258789,0.2049555473330388,4.170441352089196,3.4101909146332448
ncr_contrastive,fluid_intelligence,100,2,0,68,12,20,11.580946683883669,0.0912143348893609,6.066594928704384,5.389548932323244
no_prior_ridge,fluid_intelligence,100,2,0,68,12,20,0.8002121448516846,0.0912143348893612,6.066594928704384,5.389548932323244
ncr_contrastive,fluid_intelligence,100,2,1,68,12,20,12.514300346374512,0.1300042318299056,5.425526435546619,4.384991401352202
no_prior_ridge,fluid_intelligence,100,2,1,68,12,20,0.2275393009185791,0.1300042318299059,5.425526435546617,4.384991401352201
ncr_contrastive,fluid_intelligence,100,2,2,68,12,20,13.169041633605955,0.1677696702631092,3.8556527830596266,3.2932504008826533
no_prior_ridge,fluid_intelligence,100,2,2,68,12,20,0.841998815536499,0.1677696702631095,3.855652783059626,3.293250400882653
ncr_contrastive,fluid_intelligence,100,2,3,68,12,20,12.72003936767578,0.0921614845984213,5.563732056108496,4.573455862448797
no_prior_ridge,fluid_intelligence,100,2,3,68,12,20,0.8791861534118652,0.0921614845984205,5.563732056108498,4.573455862448798
ncr_contrastive,fluid_intelligence,100,2,4,68,12,20,12.733073234558104,0.3007605818810577,4.6614162622353525,3.853226762175525
no_prior_ridge,fluid_intelligence,100,2,4,68,12,20,0.2510876655578613,0.3007605818810583,4.6614162622353525,3.853226762175525
ncr_contrastive,working_memory,100,0,0,68,12,20,12.260300874710085,0.1359162907726057,10.791383847742152,8.057565748840549
no_prior_ridge,working_memory,100,0,0,68,12,20,0.3563985824584961,0.1532527075173591,10.807020738639656,7.961488452814362
ncr_contrastive,working_memory,100,0,1,68,12,20,12.133615732192991,0.1797163146905249,11.089875000796296,8.835475802282826
no_prior_ridge,working_memory,100,0,1,68,12,20,0.4238815307617187,0.1797163146905246,11.089875000796296,8.83547580228283
ncr_contrastive,working_memory,100,0,2,68,12,20,12.22608518600464,0.1264090100953344,13.777962770283036,10.279836548066788
no_prior_ridge,working_memory,100,0,2,68,12,20,0.4181840419769287,0.1262362030526862,14.03817564911737,10.59105795862171
ncr_contrastive,working_memory,100,0,3,68,12,20,14.060726881027222,0.2440210734750993,12.194344867034792,10.074621498996104
no_prior_ridge,working_memory,100,0,3,68,12,20,0.2550115585327148,0.2440210734750992,12.194344867034795,10.07462149899611
ncr_contrastive,working_memory,100,0,4,68,12,20,13.492111682891846,0.432894075049139,11.473024661745386,9.422900418241626
no_prior_ridge,working_memory,100,0,4,68,12,20,0.7626640796661377,0.4328940750491387,11.473024661745388,9.422900418241628
ncr_contrastive,working_memory,100,1,0,68,12,20,12.563112258911133,0.2259817573481325,15.395905674283377,13.4116224701196
no_prior_ridge,working_memory,100,1,0,68,12,20,0.4131379127502441,0.1462123488839819,15.696078749091868,13.865111393325035
ncr_contrastive,working_memory,100,1,1,68,12,20,15.53590965270996,0.1950750820791355,10.36100495987125,8.966972547214933
no_prior_ridge,working_memory,100,1,1,68,12,20,0.3144609928131103,0.1950750820791345,10.361004959871256,8.96697254721494
ncr_contrastive,working_memory,100,1,2,68,12,20,12.51092004776001,0.161247466441141,10.781606403724709,8.599841421872275
no_prior_ridge,working_memory,100,1,2,68,12,20,0.7264566421508789,0.161247466441141,10.781606403724709,8.599841421872275
ncr_contrastive,working_memory,100,1,3,68,12,20,11.427443981170654,0.0320960274035028,9.332342353287514,7.562529605388628
no_prior_ridge,working_memory,100,1,3,68,12,20,0.6354458332061768,0.0320960274035036,9.332342353287514,7.562529605388629
ncr_contrastive,working_memory,100,1,4,68,12,20,13.795583009719849,-0.0734033944860058,10.338988310439404,8.943760201579163
no_prior_ridge,working_memory,100,1,4,68,12,20,0.1735963821411132,-0.0734033944860058,10.338988310439404,8.943760201579163
ncr_contrastive,working_memory,100,2,0,68,12,20,13.537073612213137,0.4440522037811115,11.843423121630996,9.913367811020382
no_prior_ridge,working_memory,100,2,0,68,12,20,0.3845918178558349,0.4440522037811131,11.843423121630996,9.913367811020382
ncr_contrastive,working_memory,100,2,1,68,12,20,12.64818263053894,-0.2639866414624182,10.275041639073264,8.03430287216003
no_prior_ridge,working_memory,100,2,1,68,12,20,0.3256242275238037,-0.2639866414624182,10.275041639073264,8.03430287216003
ncr_contrastive,working_memory,100,2,2,68,12,20,15.1738178730011,0.2596160660103407,11.19886730020079,8.78353474369847
no_prior_ridge,working_memory,100,2,2,68,12,20,0.225266695022583,0.2596160660103409,11.19886730020079,8.783534743698464
ncr_contrastive,working_memory,100,2,3,68,12,20,15.730045318603516,0.208071225462085,10.779616675308937,8.810503324075146
no_prior_ridge,working_memory,100,2,3,68,12,20,0.19049072265625,0.208071225462085,10.779616675308937,8.810503324075146
ncr_contrastive,working_memory,100,2,4,68,12,20,14.818354845046995,-0.2882469573473805,15.60247502048483,12.385861351666469
no_prior_ridge,working_memory,100,2,4,68,12,20,0.2215795516967773,-0.2882469573473807,15.602475020484832,12.385861351666474
ncr_contrastive,fluid_intelligence,200,0,0,136,24,40,22.521942138671875,0.4149860665862031,4.725352534754808,3.5941048391211394
no_prior_ridge,fluid_intelligence,200,0,0,136,24,40,4.292685270309448,0.4239894411165166,4.738902955822088,3.7244620381781472
ncr_contrastive,fluid_intelligence,200,0,1,136,24,40,19.692620515823364,0.2842811911034815,5.191390217435377,4.489249757028995
no_prior_ridge,fluid_intelligence,200,0,1,136,24,40,1.1709299087524414,0.2948211608438555,5.141482307291692,4.393831227511456
ncr_contrastive,fluid_intelligence,200,0,2,136,24,40,20.82835268974304,0.2814420873140379,4.3560097918722525,3.687478225486244
no_prior_ridge,fluid_intelligence,200,0,2,136,24,40,0.6358752250671387,0.2723095650927672,4.40061573213479,3.721918843613528
ncr_contrastive,fluid_intelligence,200,0,3,136,24,40,21.45394897460937,0.5480965760663146,3.9223417789000017,3.337157987576623
no_prior_ridge,fluid_intelligence,200,0,3,136,24,40,0.9576866626739502,0.5480965760663148,3.9223417789000017,3.337157987576622
ncr_contrastive,fluid_intelligence,200,0,4,136,24,40,21.7374119758606,0.4255251456067455,4.3565799027267165,3.713622184740247
no_prior_ridge,fluid_intelligence,200,0,4,136,24,40,0.8166580200195312,0.425525145606745,4.356579902726717,3.713622184740248
ncr_contrastive,fluid_intelligence,200,1,0,136,24,40,22.214731216430664,-0.0627835355700561,5.062897450967512,4.158033821577051
no_prior_ridge,fluid_intelligence,200,1,0,136,24,40,0.6518352031707764,-0.0374875140753362,5.076907061965367,4.175416781395149
ncr_contrastive,fluid_intelligence,200,1,1,136,24,40,21.08950161933899,0.4100074473969806,4.9697569284311465,4.24956304869078
no_prior_ridge,fluid_intelligence,200,1,1,136,24,40,0.6001436710357666,0.4100074473969806,4.9697569284311465,4.24956304869078
ncr_contrastive,fluid_intelligence,200,1,2,136,24,40,21.91087555885315,0.2899902811506333,4.990680042186166,4.147965781584155
no_prior_ridge,fluid_intelligence,200,1,2,136,24,40,0.8212707042694092,0.2899902811506333,4.990680042186166,4.147965781584155
ncr_contrastive,fluid_intelligence,200,1,3,136,24,40,21.020336866378784,0.1542220265273296,5.473285071564621,4.706493955987034
no_prior_ridge,fluid_intelligence,200,1,3,136,24,40,0.6059041023254395,0.1542220265273296,5.473285071564621,4.706493955987034
ncr_contrastive,fluid_intelligence,200,1,4,136,24,40,22.629523038864136,0.1452958160253842,4.241359704680949,3.629579359618639
no_prior_ridge,fluid_intelligence,200,1,4,136,24,40,1.065986156463623,0.1812863565422195,4.223260165524128,3.6006980164802984
ncr_contrastive,fluid_intelligence,200,2,0,136,24,40,23.00703525543213,0.0921646487847171,4.863714386673457,4.129340746793446
no_prior_ridge,fluid_intelligence,200,2,0,136,24,40,8.19630479812622,0.0921646487847168,4.863714386673458,4.129340746793446
ncr_contrastive,fluid_intelligence,200,2,1,136,24,40,10.69485640525818,0.2612741849127116,4.8375339010755685,3.767879267494157
no_prior_ridge,fluid_intelligence,200,2,1,136,24,40,2.08009672164917,0.2612741849127111,4.837533901075571,3.76787926749416
ncr_contrastive,fluid_intelligence,200,2,2,136,24,40,20.08963370323181,0.4129551608581007,4.801819892470045,4.113576347849069
no_prior_ridge,fluid_intelligence,200,2,2,136,24,40,0.6901631355285645,0.4129551608581005,4.801819892470045,4.11357634784907
ncr_contrastive,fluid_intelligence,200,2,3,136,24,40,22.70708990097046,0.2100416253628846,5.062587550807788,4.026951172992677
no_prior_ridge,fluid_intelligence,200,2,3,136,24,40,0.825045108795166,0.34454212059542,4.703481044301431,3.856901463853165
ncr_contrastive,fluid_intelligence,200,2,4,136,24,40,21.077481985092163,0.2721927279390963,5.351832565109189,4.494178853790191
no_prior_ridge,fluid_intelligence,200,2,4,136,24,40,2.006674766540528,0.2721927279390953,5.351832565109191,4.49417885379019
ncr_contrastive,working_memory,200,0,0,136,24,40,21.769334077835083,0.1070656879127413,11.98551193542125,10.182373696634766
no_prior_ridge,working_memory,200,0,0,136,24,40,0.837244987487793,0.1070656879127413,11.98551193542125,10.182373696634766
ncr_contrastive,working_memory,200,0,1,136,24,40,21.74902367591858,0.2845267101591933,12.1974449016554,9.399064799053338
no_prior_ridge,working_memory,200,0,1,136,24,40,1.648689031600952,0.2999518719149378,12.172398499627162,9.36932826575783
ncr_contrastive,working_memory,200,0,2,136,24,40,21.274977684021,0.1745481274728729,10.530314401989976,8.133475644599674
no_prior_ridge,working_memory,200,0,2,136,24,40,7.399930477142334,0.1745481274728729,10.530314401989976,8.133475644599674
ncr_contrastive,working_memory,200,0,3,136,24,40,14.190640449523926,0.2205131453389163,10.269497802349466,8.42023911586125
no_prior_ridge,working_memory,200,0,3,136,24,40,2.210484266281128,0.2213838554155245,10.268797032343532,8.419386288069298
ncr_contrastive,working_memory,200,0,4,136,24,40,20.48964834213257,0.1427602726807899,11.52328879943867,9.43086767812898
no_prior_ridge,working_memory,200,0,4,136,24,40,0.7893033027648926,0.1509429481414249,11.523260741144563,9.457494638169814
ncr_contrastive,working_memory,200,1,0,136,24,40,21.928123474121094,0.1920203663373031,11.649006257724285,10.040127331670568
no_prior_ridge,working_memory,200,1,0,136,24,40,0.6346249580383301,0.1920203663373047,11.64900625772428,10.040127331670565
ncr_contrastive,working_memory,200,1,1,136,24,40,21.976433038711548,-0.0659474198866227,13.94331712162884,11.58166985440212
no_prior_ridge,working_memory,200,1,1,136,24,40,0.7527275085449219,-0.0660768538445048,13.94332222732849,11.581678513399703
ncr_contrastive,working_memory,200,1,2,136,24,40,22.99624538421631,0.1559888512646797,11.033399832032298,7.922692250804545
no_prior_ridge,working_memory,200,1,2,136,24,40,0.614919900894165,0.1559874717569234,11.03339548437078,7.922691215812014
ncr_contrastive,working_memory,200,1,3,136,24,40,22.317105770111084,0.2386256092941839,10.142872625080589,8.364145622023493
no_prior_ridge,working_memory,200,1,3,136,24,40,0.6020619869232178,0.238625609294184,10.142872625080589,8.364145622023493
ncr_contrastive,working_memory,200,1,4,136,24,40,22.42530536651612,0.3149435985973324,10.16059826491525,8.564756946388105
no_prior_ridge,working_memory,200,1,4,136,24,40,0.7546751499176025,0.3151620498537169,10.160592047036143,8.564750262224207
ncr_contrastive,working_memory,200,2,0,136,24,40,21.592064142227173,0.2519228025479948,10.981801920030248,8.896139490310816
no_prior_ridge,working_memory,200,2,0,136,24,40,0.7216906547546387,0.2519228025479971,10.981801920030232,8.89613949031082
ncr_contrastive,working_memory,200,2,1,136,24,40,22.36842679977417,0.2786712160707304,10.567966747713305,8.322437486778954
no_prior_ridge,working_memory,200,2,1,136,24,40,1.5884864330291748,0.2786712160707283,10.567966747713315,8.322437486778963
ncr_contrastive,working_memory,200,2,2,136,24,40,19.074454307556152,0.2167371163293231,11.57523597882557,9.42431581448795
no_prior_ridge,working_memory,200,2,2,136,24,40,0.7072556018829346,0.2167371163293237,11.575235978825566,9.42431581448795
ncr_contrastive,working_memory,200,2,3,136,24,40,22.255687713623047,0.4216216735653509,10.850440063930186,8.6683175718909
no_prior_ridge,working_memory,200,2,3,136,24,40,0.7200374603271484,0.4216216735653509,10.850440063930185,8.668317571890892
ncr_contrastive,working_memory,200,2,4,136,24,40,22.58791971206665,0.2741398872319613,12.073226157578205,9.90644706472725
no_prior_ridge,working_memory,200,2,4,136,24,40,2.999316930770874,0.3010297268219893,11.920162481659624,9.988351751133166
ncr_contrastive,fluid_intelligence,412,0,0,279,50,83,57.61027121543884,0.4962832114030741,3.843738707108965,3.002361822389205
no_prior_ridge,fluid_intelligence,412,0,0,279,50,83,40.7954375743866,0.4962832114030736,3.843738707108966,3.002361822389208
ncr_contrastive,fluid_intelligence,412,0,1,279,50,83,55.7273805141449,0.3286328727925056,4.795932997629168,4.114937418996482
no_prior_ridge,fluid_intelligence,412,0,1,279,50,83,32.26026201248169,0.3286328727925057,4.795932997629167,4.114937418996482
ncr_contrastive,fluid_intelligence,412,0,2,280,50,82,50.1414577960968,0.3166020072821797,5.00491669877754,4.207126024377002
no_prior_ridge,fluid_intelligence,412,0,2,280,50,82,32.129063844680786,0.3166020072821794,5.004916698777541,4.207126024377005
ncr_contrastive,fluid_intelligence,412,0,3,280,50,82,65.70157098770142,0.1680819883211552,4.910270413330272,4.199452165433157
no_prior_ridge,fluid_intelligence,412,0,3,280,50,82,30.277342081069943,0.1680819883211529,4.910270413330277,4.199452165433161
ncr_contrastive,fluid_intelligence,412,0,4,280,50,82,55.53606295585632,0.3851598328572968,4.744372015097964,3.770329049831639
no_prior_ridge,fluid_intelligence,412,0,4,280,50,82,31.659868001937863,0.4226895065051623,4.700730352080461,3.8518203991855375
ncr_contrastive,fluid_intelligence,412,1,0,279,50,83,60.88562273979187,0.2292838557645861,4.674536048010485,3.678965007811425
no_prior_ridge,fluid_intelligence,412,1,0,279,50,83,37.637587785720825,0.2292838557645867,4.674536048010484,3.678965007811424
ncr_contrastive,fluid_intelligence,412,1,1,279,50,83,53.45588874816895,0.290762652822249,4.642992934974077,3.7969507699248473
no_prior_ridge,fluid_intelligence,412,1,1,279,50,83,32.47980332374573,0.3666806548090358,4.3793408463108685,3.611651596745456
ncr_contrastive,fluid_intelligence,412,1,2,280,50,82,52.56334590911865,0.4592568464725653,4.767850972716286,4.118207619817574
no_prior_ridge,fluid_intelligence,412,1,2,280,50,82,43.0094301700592,0.4592568464725642,4.767850972716289,4.118207619817578
ncr_contrastive,fluid_intelligence,412,1,3,280,50,82,55.61459946632385,0.3027890848148074,5.0765580590192885,4.38603672383598
no_prior_ridge,fluid_intelligence,412,1,3,280,50,82,35.42686176300049,0.3027890848148069,5.07655805901929,4.386036723835981
ncr_contrastive,fluid_intelligence,412,1,4,280,50,82,55.43896269798279,0.3384709974981834,4.661343082181408,3.848117373601069
no_prior_ridge,fluid_intelligence,412,1,4,280,50,82,40.61243844032288,0.3384709974981837,4.661343082181406,3.8481173736010654
ncr_contrastive,fluid_intelligence,412,2,0,279,50,83,62.23723340034485,0.4011024640728792,4.793346042779881,4.118076117508755
no_prior_ridge,fluid_intelligence,412,2,0,279,50,83,32.545708656311035,0.4011024640728799,4.79334604277988,4.118076117508752
ncr_contrastive,fluid_intelligence,412,2,1,279,50,83,64.92659163475037,0.3010069787709812,4.621584247559408,4.018475221469582
no_prior_ridge,fluid_intelligence,412,2,1,279,50,83,31.82179355621338,0.3010069787709818,4.621584247559405,4.018475221469581
ncr_contrastive,fluid_intelligence,412,2,2,280,50,82,59.90430474281311,0.3645295342049927,4.5334600989149605,3.643775801695812
no_prior_ridge,fluid_intelligence,412,2,2,280,50,82,32.424418687820435,0.3645295342049934,4.533460098914958,3.643775801695816
ncr_contrastive,fluid_intelligence,412,2,3,280,50,82,56.08918738365173,0.4798086825361736,4.512212922986446,3.7246188562810887
no_prior_ridge,fluid_intelligence,412,2,3,280,50,82,30.486331462860107,0.479808682536174,4.512212922986445,3.7246188562810896
ncr_contrastive,fluid_intelligence,412,2,4,280,50,82,52.88824343681336,0.3136371880969701,4.617896551599729,3.97554291711899
no_prior_ridge,fluid_intelligence,412,2,4,280,50,82,35.41972899436951,0.3136371880969706,4.617896551599728,3.9755429171189887
ncr_contrastive,working_memory,412,0,0,279,50,83,50.97105002403259,0.1441694351667021,10.771485575162249,8.659998798672143
no_prior_ridge,working_memory,412,0,0,279,50,83,35.21690273284912,0.1894563270283568,10.223374223364942,8.469804332613938
ncr_contrastive,working_memory,412,0,1,279,50,83,60.5140175819397,0.1781225375437793,11.586314609288696,9.235481166712288
no_prior_ridge,working_memory,412,0,1,279,50,83,29.482994556427,0.1781225375437813,11.586314609288674,9.23548116671228
ncr_contrastive,working_memory,412,0,2,280,50,82,62.20902132987976,0.1644393331898228,11.835438546730977,9.479632138746258
no_prior_ridge,working_memory,412,0,2,280,50,82,30.73775053024292,0.1644393331898222,11.83543854673098,9.479632138746258
ncr_contrastive,working_memory,412,0,3,280,50,82,57.93530249595642,0.2030133563784407,11.381126859757968,9.472463974328802
no_prior_ridge,working_memory,412,0,3,280,50,82,46.0746054649353,0.2043248286260847,11.380085615744765,9.472004890101324
ncr_contrastive,working_memory,412,0,4,280,50,82,72.44952774047852,0.3092289061256016,13.061735491147036,10.913840716197752
no_prior_ridge,working_memory,412,0,4,280,50,82,31.776902675628666,0.3092289061256007,13.06173549114704,10.913840716197756
ncr_contrastive,working_memory,412,1,0,279,50,83,58.281014919281006,0.4221445383155527,10.309122719003168,8.4889443628959
no_prior_ridge,working_memory,412,1,0,279,50,83,32.82368350028992,0.4806122729980699,10.016348080691309,8.382144094789242
ncr_contrastive,working_memory,412,1,1,279,50,83,73.01036620140076,0.071251139349994,12.424303654743118,10.099464582014066
no_prior_ridge,working_memory,412,1,1,279,50,83,52.83090949058533,0.0410021783706076,12.08174605247765,9.92321271271252
ncr_contrastive,working_memory,412,1,2,280,50,82,111.86922788619997,0.1562042832015711,12.01025788319794,10.050659880412615
no_prior_ridge,working_memory,412,1,2,280,50,82,82.3011121749878,0.1562042832015706,12.01025788319794,10.050659880412626
ncr_contrastive,working_memory,412,1,3,280,50,82,110.385803937912,0.3221318055517022,11.694108878087558,9.543737027394938
no_prior_ridge,working_memory,412,1,3,280,50,82,76.68663787841797,0.3221318055517023,11.694108878087556,9.543737027394938
ncr_contrastive,working_memory,412,1,4,280,50,82,125.9430136680603,0.3101068562704764,10.308862957113618,8.234114336560605
no_prior_ridge,working_memory,412,1,4,280,50,82,72.38349914550781,0.3101068562704763,10.308862957113618,8.234114336560609
ncr_contrastive,working_memory,412,2,0,279,50,83,106.20925998687744,0.0422660778477808,12.293651673485128,10.115481329597763
no_prior_ridge,working_memory,412,2,0,279,50,83,66.75105667114258,0.0424613627194753,12.293636193707613,10.11547696967798
ncr_contrastive,working_memory,412,2,1,279,50,83,115.95107126235962,0.3695046013122974,10.299359856099196,8.51738428889705
no_prior_ridge,working_memory,412,2,1,279,50,83,70.89456295967102,0.36950460131229745,10.299359856099196,8.517384288897054
ncr_contrastive,working_memory,412,2,2,280,50,82,118.28414106369019,0.1758477657079,11.454277377163873,9.066803340696445
no_prior_ridge,working_memory,412,2,2,280,50,82,77.9325897693634,0.17584776570789845,11.454277377163878,9.066803340696449
ncr_contrastive,working_memory,412,2,3,280,50,82,106.07633018493652,0.285622909911058,11.451531970149183,9.923086735441593
no_prior_ridge,working_memory,412,2,3,280,50,82,51.70727753639221,0.2857250673507402,11.451514178156584,9.923073396380481
ncr_contrastive,working_memory,412,2,4,280,50,82,87.00681066513062,0.12130161463611233,10.762942150974323,8.666265327122032
no_prior_ridge,working_memory,412,2,4,280,50,82,56.18320369720459,0.12130161463611258,10.762942150974323,8.666265327122032
