experiment_id,seed,fold,condition,repeat,pearson,rmse,mae
E7,0,0,random,0,0.02624552510678768,5.055402755737305,4.3649187088012695
E7,0,0,random,1,0.050115931779146194,5.064651012420654,4.387467861175537
E7,0,0,random,2,0.04085973650217056,5.058048725128174,4.380780220031738
E7,0,0,random,3,0.025048546493053436,5.068050861358643,4.389946460723877
E7,0,0,random,4,0.06544407457113266,5.056959629058838,4.378450393676758
E7,0,0,random,5,-0.0029080789536237717,5.072525501251221,4.400084972381592
E7,0,0,random,6,-0.03162142634391785,5.070444583892822,4.395974159240723
E7,0,0,random,7,0.11827507615089417,5.049050807952881,4.36737585067749
E7,0,0,random,8,0.09282373636960983,5.063389778137207,4.38998556137085
E7,0,0,random,9,-0.01293051429092884,5.0659027099609375,4.389052867889404
E7,0,0,random,10,0.09774422645568848,5.050660133361816,4.366529941558838
E7,0,0,random,11,0.023397142067551613,5.068570137023926,4.395048141479492
E7,0,0,random,12,0.0510283038020134,5.062664985656738,4.388420581817627
E7,0,0,random,13,0.09289909154176712,5.053581237792969,4.374105453491211
E7,0,0,random,14,0.047541648149490356,5.055047988891602,4.368412017822266
E7,0,0,random,15,0.005588259547948837,5.077264785766602,4.408136367797852
E7,0,0,random,16,0.04564965143799782,5.072221755981445,4.402751922607422
E7,0,0,random,17,-0.08765675127506256,5.0843706130981445,4.415142059326172
E7,0,0,random,18,-0.019830772653222084,5.0707783699035645,4.396976947784424
E7,0,0,random,19,0.10240665078163147,5.05718994140625,4.382264137268066
E7,0,0,original,-1,0.049544185400009155,5.061438083648682,4.385759353637695
E7,0,0,top,-1,0.04114445298910141,5.055428981781006,4.369509220123291
E7,0,0,bottom,-1,0.026726147159934044,5.060116767883301,4.381088733673096
E7,0,0,reference_prior_top,-1,-0.04174703359603882,5.077110290527344,4.4058308601379395
E7,0,1,random,0,0.14819949865341187,5.175558567047119,4.2646098136901855
E7,0,1,random,1,0.12678076326847076,5.579970836639404,4.757864475250244
E7,0,1,random,2,0.07755524665117264,5.681724548339844,4.419617652893066
E7,0,1,random,3,0.22385255992412567,5.034482479095459,4.222093105316162
E7,0,1,random,4,0.13223141431808472,5.703347682952881,4.4523773193359375
E7,0,1,random,5,0.08957398682832718,5.417847633361816,4.372788429260254
E7,0,1,random,6,0.15979161858558655,5.186511039733887,4.387970924377441
E7,0,1,random,7,0.1904972791671753,5.151291370391846,4.346622467041016
E7,0,1,random,8,0.08541186153888702,5.320455551147461,4.454301357269287
E7,0,1,random,9,0.1616831123828888,5.323015213012695,4.296477794647217
E7,0,1,random,10,0.18909387290477753,5.164443492889404,4.280174255371094
E7,0,1,random,11,0.06142083555459976,5.645178318023682,4.465449333190918
E7,0,1,random,12,0.17389830946922302,5.181930065155029,4.390905380249023
E7,0,1,random,13,0.220380499958992,5.157138347625732,4.372981548309326
E7,0,1,random,14,0.2240106612443924,5.095394134521484,4.216239929199219
E7,0,1,random,15,0.18590503931045532,5.21483850479126,4.247475624084473
E7,0,1,random,16,0.15287116169929504,5.348564147949219,4.312074184417725
E7,0,1,random,17,0.19416476786136627,5.918028354644775,5.083987236022949
E7,0,1,random,18,0.14781591296195984,5.169499397277832,4.236571311950684
E7,0,1,random,19,0.21096107363700867,5.284708499908447,4.181708335876465
E7,0,1,original,-1,0.18021363019943237,5.169295787811279,4.314675331115723
E7,0,1,top,-1,0.13769647479057312,5.992292404174805,5.040565013885498
E7,0,1,bottom,-1,0.24241890013217926,5.077636241912842,4.305773735046387
E7,0,1,reference_prior_top,-1,0.15449923276901245,5.377586841583252,4.340426445007324
E7,0,2,random,0,0.12018468230962753,6.054447650909424,5.14024019241333
E7,0,2,random,1,0.2107352912425995,4.6476359367370605,3.9125802516937256
E7,0,2,random,2,0.21390877664089203,4.74517297744751,3.8316450119018555
E7,0,2,random,3,0.23840169608592987,4.615869045257568,3.8042662143707275
E7,0,2,random,4,0.23883555829524994,4.71840238571167,4.087533950805664
E7,0,2,random,5,0.14112411439418793,4.740328311920166,3.95225191116333
E7,0,2,random,6,0.2667533755302429,4.577250003814697,3.9416322708129883
E7,0,2,random,7,0.24842411279678345,4.657029628753662,3.9758341312408447
E7,0,2,random,8,0.20682314038276672,5.256313800811768,4.650935173034668
E7,0,2,random,9,0.19784624874591827,4.706950664520264,3.860487461090088
E7,0,2,random,10,0.1721111685037613,5.833882808685303,5.053512096405029
E7,0,2,random,11,0.2586400508880615,5.364355087280273,4.704246520996094
E7,0,2,random,12,0.2793206572532654,4.742303848266602,4.124843120574951
E7,0,2,random,13,0.27696457505226135,4.540508270263672,3.805940628051758
E7,0,2,random,14,0.25689518451690674,4.668585300445557,4.023197650909424
E7,0,2,random,15,0.20947979390621185,4.6530656814575195,3.8879764080047607
E7,0,2,random,16,0.22236230969429016,4.617262840270996,3.8835623264312744
E7,0,2,random,17,0.24980229139328003,4.843008995056152,4.224818706512451
E7,0,2,random,18,0.23812822997570038,4.758004665374756,4.078755855560303
E7,0,2,random,19,0.20461247861385345,5.297178745269775,4.668123722076416
E7,0,2,original,-1,0.24601759016513824,4.599521160125732,3.802980422973633
E7,0,2,top,-1,0.2467898279428482,5.385239601135254,4.751606464385986
E7,0,2,bottom,-1,0.2509973347187042,4.648238182067871,3.77803897857666
E7,0,2,reference_prior_top,-1,0.2208995521068573,4.844631671905518,4.251095771789551
E7,0,3,random,0,0.08276984095573425,5.917047023773193,5.08082914352417
E7,0,3,random,1,0.14046257734298706,5.546041011810303,4.582993507385254
E7,0,3,random,2,0.05219747871160507,5.867291450500488,4.3953962326049805
E7,0,3,random,3,0.17843201756477356,5.436705589294434,4.338313579559326
E7,0,3,random,4,0.0006533972918987274,5.969097137451172,4.860545635223389
E7,0,3,random,5,0.05147580802440643,6.0388875007629395,5.2010064125061035
E7,0,3,random,6,0.17349345982074738,5.473259925842285,4.720331192016602
E7,0,3,random,7,0.14646419882774353,5.551826000213623,4.315479278564453
E7,0,3,random,8,0.104060597717762,5.960689544677734,4.916432857513428
E7,0,3,random,9,0.18807700276374817,5.932582855224609,4.533941745758057
E7,0,3,random,10,0.15690825879573822,6.99092960357666,5.3163628578186035
E7,0,3,random,11,0.15188653767108917,5.434656620025635,4.391190528869629
E7,0,3,random,12,0.12439966946840286,6.4065752029418945,4.642231464385986
E7,0,3,random,13,0.11176799982786179,5.897781848907471,4.704300403594971
E7,0,3,random,14,0.22327177226543427,5.217743873596191,4.231778621673584
E7,0,3,random,15,0.16383379697799683,6.457687854766846,5.417452812194824
E7,0,3,random,16,0.16421325504779816,6.291449069976807,4.632913589477539
E7,0,3,random,17,0.0889848843216896,5.7648606300354,4.436294078826904
E7,0,3,random,18,0.06633377075195312,5.645077228546143,4.404148578643799
E7,0,3,random,19,0.13891950249671936,7.303596496582031,6.086449146270752
E7,0,3,original,-1,0.11346442997455597,5.785297870635986,4.616975784301758
E7,0,3,top,-1,0.07140716910362244,5.50709867477417,4.638050079345703
E7,0,3,bottom,-1,0.06339389085769653,6.548220634460449,5.418732166290283
E7,0,3,reference_prior_top,-1,-0.017578139901161194,6.711994171142578,5.818013668060303
E7,0,4,random,0,0.2864408791065216,4.27427339553833,3.5508410930633545
E7,0,4,random,1,0.2837616205215454,4.408759117126465,3.4361565113067627
E7,0,4,random,2,0.2196483314037323,4.442294120788574,3.4539051055908203
E7,0,4,random,3,0.18413664400577545,4.572994709014893,3.5071024894714355
E7,0,4,random,4,0.3710327744483948,4.209495544433594,3.50868558883667
E7,0,4,random,5,0.25639015436172485,4.308654308319092,3.552309036254883
E7,0,4,random,6,0.22839541733264923,4.302892208099365,3.5644094944000244
E7,0,4,random,7,0.2266433984041214,4.403158664703369,3.4563565254211426
E7,0,4,random,8,0.3309388756752014,4.260576248168945,3.625967264175415
E7,0,4,random,9,0.2791658043861389,4.354094982147217,3.449317455291748
E7,0,4,random,10,0.2447202205657959,4.385502815246582,3.455784559249878
E7,0,4,random,11,0.24559377133846283,4.304616928100586,3.537663221359253
E7,0,4,random,12,0.2637835741043091,4.437175750732422,3.451622247695923
E7,0,4,random,13,0.2034652829170227,4.3823137283325195,3.4795148372650146
E7,0,4,random,14,0.2906053960323334,4.290585041046143,3.5009219646453857
E7,0,4,random,15,0.29644790291786194,4.267458915710449,3.497333526611328
E7,0,4,random,16,0.30522969365119934,4.291700839996338,3.493434190750122
E7,0,4,random,17,0.29842492938041687,4.410527229309082,3.438377618789673
E7,0,4,random,18,0.2083400934934616,4.360517978668213,3.525424003601074
E7,0,4,random,19,0.2792668044567108,4.291855812072754,3.509556531906128
E7,0,4,original,-1,0.2739843428134918,4.317958831787109,3.4605016708374023
E7,0,4,top,-1,0.31921014189720154,4.266113758087158,3.627824068069458
E7,0,4,bottom,-1,0.2102942317724228,4.3656392097473145,3.4809200763702393
E7,0,4,reference_prior_top,-1,0.35965198278427124,4.32402229309082,3.7739601135253906
E7,1,0,random,0,0.13508039712905884,5.059323787689209,4.529278755187988
E7,1,0,random,1,0.2156350314617157,5.1342854499816895,4.6486711502075195
E7,1,0,random,2,0.1346825659275055,5.059997081756592,4.475066661834717
E7,1,0,random,3,0.15485064685344696,5.041398525238037,4.474485397338867
E7,1,0,random,4,0.10483793914318085,5.0822038650512695,4.47601318359375
E7,1,0,random,5,0.1919231116771698,5.097130298614502,4.610475540161133
E7,1,0,random,6,0.13126815855503082,5.059881687164307,4.508542537689209
E7,1,0,random,7,0.164170041680336,5.074830055236816,4.585778713226318
E7,1,0,random,8,0.17283909022808075,5.057876110076904,4.562292098999023
E7,1,0,random,9,0.12854480743408203,5.062799453735352,4.501041412353516
E7,1,0,random,10,0.13934476673603058,5.0798726081848145,4.580039978027344
E7,1,0,random,11,0.14087262749671936,5.059363842010498,4.457545280456543
E7,1,0,random,12,0.22652387619018555,5.094596862792969,4.6223907470703125
E7,1,0,random,13,0.18226371705532074,5.053713321685791,4.569469451904297
E7,1,0,random,14,0.14255286753177643,5.050601482391357,4.485326766967773
E7,1,0,random,15,0.16795459389686584,5.090327262878418,4.6127238273620605
E7,1,0,random,16,0.13339057564735413,5.059357643127441,4.522271156311035
E7,1,0,random,17,0.22180809080600739,5.091493129730225,4.611051559448242
E7,1,0,random,18,0.1534394919872284,5.05891227722168,4.558743476867676
E7,1,0,random,19,0.14261887967586517,5.110847473144531,4.622623443603516
E7,1,0,original,-1,0.150962695479393,5.049879550933838,4.527342796325684
E7,1,0,top,-1,0.1864832192659378,5.055138111114502,4.556041717529297
E7,1,0,bottom,-1,0.12765459716320038,5.0701003074646,4.545271396636963
E7,1,0,reference_prior_top,-1,0.15629440546035767,5.059682846069336,4.559257984161377
E7,1,1,random,0,-0.01080803107470274,6.076080799102783,5.6263628005981445
E7,1,1,random,1,0.006447609513998032,5.3718461990356445,4.680543422698975
E7,1,1,random,2,-0.07756657153367996,6.249773979187012,5.599884033203125
E7,1,1,random,3,-0.05830750614404678,6.189560413360596,5.7013373374938965
E7,1,1,random,4,0.05812646076083183,4.891290664672852,4.082688808441162
E7,1,1,random,5,-0.06782248616218567,7.084118366241455,6.468290328979492
E7,1,1,random,6,0.02134205773472786,5.823339462280273,5.3677167892456055
E7,1,1,random,7,0.045697007328271866,4.903377056121826,3.879910707473755
E7,1,1,random,8,0.015930116176605225,5.544312000274658,4.914360523223877
E7,1,1,random,9,-0.016986479982733727,5.241006851196289,4.568077564239502
E7,1,1,random,10,-0.12076541781425476,6.203424453735352,5.716143608093262
E7,1,1,random,11,0.01689279079437256,6.334056377410889,5.855168342590332
E7,1,1,random,12,0.0020832326263189316,7.092581272125244,6.510125160217285
E7,1,1,random,13,0.18801641464233398,4.751016139984131,3.477847099304199
E7,1,1,random,14,-0.17623047530651093,8.125990867614746,7.37901496887207
E7,1,1,random,15,0.0836331844329834,5.147327899932861,4.537015914916992
E7,1,1,random,16,0.10326395183801651,5.326289653778076,4.738275051116943
E7,1,1,random,17,-0.10182484239339828,6.4123969078063965,5.902573108673096
E7,1,1,random,18,-0.06903769820928574,5.597358226776123,4.955910682678223
E7,1,1,random,19,-0.11133529990911484,6.141631126403809,5.569455623626709
E7,1,1,original,-1,0.0089010214433074,5.618031978607178,5.049180507659912
E7,1,1,top,-1,-0.11361940950155258,7.213676929473877,6.572864055633545
E7,1,1,bottom,-1,0.14003439247608185,4.721871376037598,3.534134864807129
E7,1,1,reference_prior_top,-1,-0.07553848624229431,5.620916366577148,4.795987129211426
E7,1,2,random,0,0.17666426301002502,4.882054328918457,4.0285539627075195
E7,1,2,random,1,0.19819368422031403,4.881282806396484,4.026119232177734
E7,1,2,random,2,0.15876901149749756,4.881836414337158,4.02971076965332
E7,1,2,random,3,0.02077236771583557,4.88163423538208,4.034605503082275
E7,1,2,random,4,0.2048259973526001,4.880818843841553,4.026108741760254
E7,1,2,random,5,0.19527921080589294,4.886377811431885,4.027249813079834
E7,1,2,random,6,0.2633804678916931,4.886444091796875,4.023179054260254
E7,1,2,random,7,0.07254531234502792,4.881283283233643,4.033300876617432
E7,1,2,random,8,0.15264466404914856,4.881034851074219,4.029595375061035
E7,1,2,random,9,0.2462472766637802,4.87963342666626,4.0240397453308105
E7,1,2,random,10,0.11919090151786804,4.88283109664917,4.0305657386779785
E7,1,2,random,11,0.29371801018714905,4.883510112762451,4.021948337554932
E7,1,2,random,12,0.2049085795879364,4.882968425750732,4.024651050567627
E7,1,2,random,13,0.2125195413827896,4.8828206062316895,4.025326728820801
E7,1,2,random,14,0.13854779303073883,4.88571834564209,4.029260158538818
E7,1,2,random,15,0.061889249831438065,4.8848042488098145,4.032408714294434
E7,1,2,random,16,0.2571980655193329,4.876605987548828,4.0271406173706055
E7,1,2,random,17,0.07520489394664764,4.883665561676025,4.031404972076416
E7,1,2,random,18,0.20741784572601318,4.879159927368164,4.025474548339844
E7,1,2,random,19,0.11031822860240936,4.881173133850098,4.030397891998291
E7,1,2,original,-1,0.22132457792758942,4.876469135284424,4.0259528160095215
E7,1,2,top,-1,0.2728179097175598,4.88338565826416,4.023488998413086
E7,1,2,bottom,-1,0.15288397669792175,4.885167121887207,4.026838779449463
E7,1,2,reference_prior_top,-1,0.27817365527153015,4.88118839263916,4.024775981903076
E7,1,3,random,0,0.11440013349056244,5.00124454498291,4.141563415527344
E7,1,3,random,1,0.18458291888237,5.001370429992676,4.065731048583984
E7,1,3,random,2,0.12749746441841125,5.151187896728516,4.090240001678467
E7,1,3,random,3,0.13638773560523987,5.024460315704346,4.088706016540527
E7,1,3,random,4,0.14308762550354004,5.077307224273682,4.084712505340576
E7,1,3,random,5,0.11325988918542862,5.017482280731201,4.1023688316345215
E7,1,3,random,6,0.13753512501716614,5.017336845397949,4.091573715209961
E7,1,3,random,7,0.17674079537391663,4.978548526763916,4.1058831214904785
E7,1,3,random,8,0.16306793689727783,5.052883625030518,4.058129787445068
E7,1,3,random,9,0.10219026356935501,5.025012016296387,4.107344627380371
E7,1,3,random,10,0.1329440027475357,4.986385822296143,4.156133651733398
E7,1,3,random,11,0.15730014443397522,4.9788923263549805,4.150967597961426
E7,1,3,random,12,0.1532372385263443,5.044241905212402,4.077653408050537
E7,1,3,random,13,0.07423047721385956,5.012266635894775,4.174262046813965
E7,1,3,random,14,0.14804892241954803,4.985085964202881,4.131941318511963
E7,1,3,random,15,0.10435789823532104,5.004373550415039,4.137258529663086
E7,1,3,random,16,0.09025067836046219,5.081313610076904,4.105827331542969
E7,1,3,random,17,0.1502607762813568,4.995583534240723,4.080573081970215
E7,1,3,random,18,0.12206080555915833,4.992788791656494,4.156130313873291
E7,1,3,random,19,0.19945856928825378,5.089327812194824,4.058298110961914
E7,1,3,original,-1,0.14059047400951385,5.01146936416626,4.075765132904053
E7,1,3,top,-1,0.08111143112182617,5.016895771026611,4.220461368560791
E7,1,3,bottom,-1,0.16478875279426575,4.972329616546631,4.086519718170166
E7,1,3,reference_prior_top,-1,0.08346159756183624,5.014601707458496,4.218554973602295
E7,1,4,random,0,0.1393083781003952,4.592858791351318,3.894263744354248
E7,1,4,random,1,0.026808954775333405,4.633247375488281,3.900132417678833
E7,1,4,random,2,0.1034192442893982,4.601129055023193,3.9087071418762207
E7,1,4,random,3,0.1810704469680786,4.564685344696045,3.86826491355896
E7,1,4,random,4,0.12498948723077774,4.589315414428711,3.887751579284668
E7,1,4,random,5,0.09942478686571121,4.60207462310791,3.896275281906128
E7,1,4,random,6,0.16839563846588135,4.604894638061523,3.9168906211853027
E7,1,4,random,7,0.07095188647508621,4.618647575378418,3.9298479557037354
E7,1,4,random,8,0.09288202226161957,4.609454154968262,3.8745687007904053
E7,1,4,random,9,0.14853963255882263,4.603446006774902,3.922189950942993
E7,1,4,random,10,0.11750125885009766,4.5883469581604,3.879458427429199
E7,1,4,random,11,0.07325835525989532,4.608907699584961,3.8912875652313232
E7,1,4,random,12,0.03520048409700394,4.620626926422119,3.898648500442505
E7,1,4,random,13,0.06357191503047943,4.67232084274292,3.8838043212890625
E7,1,4,random,14,0.051846694201231,4.705499172210693,3.8941304683685303
E7,1,4,random,15,0.1377532035112381,4.611771583557129,3.9272308349609375
E7,1,4,random,16,0.10701204091310501,4.605250358581543,3.908355236053467
E7,1,4,random,17,0.13428571820259094,4.602993965148926,3.9058451652526855
E7,1,4,random,18,0.14561419188976288,4.59445333480835,3.8978488445281982
E7,1,4,random,19,0.05539599061012268,4.614749908447266,3.8926045894622803
E7,1,4,original,-1,0.06816735118627548,4.616227149963379,3.894205331802368
E7,1,4,top,-1,0.19136151671409607,4.605673313140869,3.9229238033294678
E7,1,4,bottom,-1,0.0729357898235321,4.607532024383545,3.891972303390503
E7,1,4,reference_prior_top,-1,0.14508628845214844,4.590391159057617,3.889688730239868
E7,2,0,random,0,0.35124140977859497,4.6602702140808105,3.878312349319458
E7,2,0,random,1,0.26115915179252625,4.7549567222595215,3.665318489074707
E7,2,0,random,2,0.21962133049964905,4.74814510345459,3.9168546199798584
E7,2,0,random,3,0.3150217533111572,4.652847766876221,3.7446608543395996
E7,2,0,random,4,0.2924201190471649,4.685728073120117,3.7297286987304688
E7,2,0,random,5,0.31603655219078064,4.691891670227051,3.9155497550964355
E7,2,0,random,6,0.3026363253593445,4.768692493438721,4.067086696624756
E7,2,0,random,7,0.3769499361515045,4.677931308746338,3.5746994018554688
E7,2,0,random,8,0.1719593107700348,4.7801737785339355,3.941286087036133
E7,2,0,random,9,0.31391769647598267,4.697817325592041,3.919424295425415
E7,2,0,random,10,0.17301014065742493,4.80592679977417,4.058206081390381
E7,2,0,random,11,0.2982598841190338,4.758112907409668,4.026893138885498
E7,2,0,random,12,0.30487123131752014,4.6985087394714355,3.9264750480651855
E7,2,0,random,13,0.26516616344451904,4.719803810119629,3.7042391300201416
E7,2,0,random,14,0.21141362190246582,4.805828094482422,4.1001434326171875
E7,2,0,random,15,0.27449655532836914,4.73969841003418,3.9971156120300293
E7,2,0,random,16,0.2640267014503479,4.76063871383667,4.027502536773682
E7,2,0,random,17,0.2355818748474121,4.736134052276611,3.891692638397217
E7,2,0,random,18,0.3460988998413086,4.620639324188232,3.696821451187134
E7,2,0,random,19,0.3215652108192444,4.742300987243652,3.5573277473449707
E7,2,0,original,-1,0.2936168611049652,4.6666460037231445,3.766484022140503
E7,2,0,top,-1,0.11551038175821304,4.903426170349121,4.220211029052734
E7,2,0,bottom,-1,0.27783769369125366,4.6859941482543945,3.8336987495422363
E7,2,0,reference_prior_top,-1,0.18527884781360626,4.898240566253662,4.239987850189209
E7,2,1,random,0,0.13203462958335876,5.011759281158447,4.43530797958374
E7,2,1,random,1,0.1486319601535797,4.910839080810547,4.2084479331970215
E7,2,1,random,2,0.12018635869026184,5.0524115562438965,4.264470100402832
E7,2,1,random,3,0.14702054858207703,4.925458908081055,4.333556175231934
E7,2,1,random,4,0.20187132060527802,5.159416675567627,4.487125396728516
E7,2,1,random,5,0.1110684797167778,5.334259986877441,4.359292507171631
E7,2,1,random,6,0.1398203819990158,4.93182373046875,4.269409656524658
E7,2,1,random,7,0.12631496787071228,5.00077486038208,4.233565807342529
E7,2,1,random,8,0.2182723581790924,4.8408894538879395,4.278304100036621
E7,2,1,random,9,0.11476283520460129,4.980698108673096,4.274181365966797
E7,2,1,random,10,0.2064034342765808,5.530787944793701,4.762038230895996
E7,2,1,random,11,0.1372007131576538,4.9259352684021,4.287077903747559
E7,2,1,random,12,0.1590985655784607,4.970808029174805,4.3651227951049805
E7,2,1,random,13,0.18291662633419037,5.26999044418335,4.5959625244140625
E7,2,1,random,14,0.15408794581890106,4.998399257659912,4.406569957733154
E7,2,1,random,15,0.09880717843770981,4.949124336242676,4.295563697814941
E7,2,1,random,16,0.10888560116291046,4.979480266571045,4.3250837326049805
E7,2,1,random,17,0.15676316618919373,4.877096176147461,4.1259050369262695
E7,2,1,random,18,0.14520171284675598,4.870760440826416,4.3060150146484375
E7,2,1,random,19,0.1749230921268463,4.978971481323242,4.370398998260498
E7,2,1,original,-1,0.17640340328216553,4.981722831726074,4.278963565826416
E7,2,1,top,-1,0.1882624328136444,5.964180946350098,5.089422225952148
E7,2,1,bottom,-1,0.14198720455169678,5.028768539428711,4.264671802520752
E7,2,1,reference_prior_top,-1,0.19015385210514069,5.668593406677246,4.886401653289795
E7,2,2,random,0,-0.03045443445444107,5.5569281578063965,4.864996433258057
E7,2,2,random,1,-0.044889897108078,5.614760398864746,4.894265651702881
E7,2,2,random,2,0.04250500351190567,5.445250511169434,4.692214488983154
E7,2,2,random,3,0.01436109934002161,5.520242691040039,4.654721736907959
E7,2,2,random,4,-0.011309243738651276,5.703072547912598,5.026431560516357
E7,2,2,random,5,-0.022010670974850655,5.604629039764404,4.928486347198486
E7,2,2,random,6,0.02268078550696373,5.598088264465332,4.552488327026367
E7,2,2,random,7,-0.018862837925553322,5.5368499755859375,4.694001197814941
E7,2,2,random,8,-0.022325342521071434,5.700358867645264,5.043507099151611
E7,2,2,random,9,0.08558790385723114,5.347050189971924,4.565369606018066
E7,2,2,random,10,0.043797384947538376,5.434018135070801,4.597395896911621
E7,2,2,random,11,0.07230858504772186,5.393924713134766,4.5376386642456055
E7,2,2,random,12,0.05506230518221855,5.446706295013428,4.671360492706299
E7,2,2,random,13,0.08766739815473557,5.561365127563477,4.548389434814453
E7,2,2,random,14,0.040651675313711166,5.926924705505371,5.292697906494141
E7,2,2,random,15,0.04018433019518852,5.471163272857666,4.805544376373291
E7,2,2,random,16,0.09901958703994751,5.359677314758301,4.587817668914795
E7,2,2,random,17,-0.06333263963460922,6.018836975097656,5.332869529724121
E7,2,2,random,18,0.02029002457857132,5.509124755859375,4.77992582321167
E7,2,2,random,19,0.00791842956095934,5.789698123931885,5.178735256195068
E7,2,2,original,-1,0.06629498302936554,5.431907653808594,4.661396503448486
E7,2,2,top,-1,-0.030091553926467896,5.51460075378418,4.80555534362793
E7,2,2,bottom,-1,0.0408344641327858,5.47641134262085,4.72863245010376
E7,2,2,reference_prior_top,-1,0.10514990240335464,5.357314586639404,4.512204647064209
E7,2,3,random,0,0.09074631333351135,4.816483020782471,3.9974610805511475
E7,2,3,random,1,0.12681151926517487,4.654292583465576,3.837076425552368
E7,2,3,random,2,0.09653138369321823,4.743208408355713,3.941016674041748
E7,2,3,random,3,0.05868110805749893,5.619731426239014,4.840763568878174
E7,2,3,random,4,0.05668150633573532,4.7111921310424805,3.888063669204712
E7,2,3,random,5,0.08831305056810379,4.690404415130615,3.7886884212493896
E7,2,3,random,6,0.06901638209819794,4.772304058074951,4.058277606964111
E7,2,3,random,7,0.10153311491012573,4.73969841003418,4.015888690948486
E7,2,3,random,8,0.1429213434457779,4.817947864532471,4.068301200866699
E7,2,3,random,9,0.10701572149991989,4.665743350982666,3.7880771160125732
E7,2,3,random,10,0.012710765935480595,5.01055383682251,4.255119800567627
E7,2,3,random,11,0.1149178296327591,4.824032306671143,4.045875072479248
E7,2,3,random,12,-0.001193295232951641,4.718863010406494,3.9511477947235107
E7,2,3,random,13,0.11887902766466141,4.660508632659912,3.8581337928771973
E7,2,3,random,14,0.054720185697078705,4.6795759201049805,3.85298752784729
E7,2,3,random,15,0.06446003913879395,4.924272060394287,4.150147914886475
E7,2,3,random,16,0.11191186308860779,4.744108200073242,3.95861554145813
E7,2,3,random,17,0.057937972247600555,5.214187145233154,4.455975532531738
E7,2,3,random,18,0.17923934757709503,4.637938022613525,3.8547463417053223
E7,2,3,random,19,0.11259853094816208,4.650858402252197,3.830134630203247
E7,2,3,original,-1,0.07559435069561005,4.729974269866943,3.8999712467193604
E7,2,3,top,-1,-0.07948628813028336,5.9510626792907715,5.105024337768555
E7,2,3,bottom,-1,0.08985581248998642,4.68149995803833,3.824101209640503
E7,2,3,reference_prior_top,-1,0.04648463800549507,5.073110580444336,4.292812347412109
E7,2,4,random,0,0.4608002305030823,4.570356845855713,3.8831493854522705
E7,2,4,random,1,0.4162949323654175,4.655041217803955,4.019394397735596
E7,2,4,random,2,0.3053842782974243,4.647434711456299,3.9174983501434326
E7,2,4,random,3,0.37447699904441833,4.62821626663208,3.9656405448913574
E7,2,4,random,4,0.4397144317626953,4.568445205688477,3.890183687210083
E7,2,4,random,5,0.38000330328941345,4.655783653259277,4.005770683288574
E7,2,4,random,6,0.2556672990322113,4.652273178100586,3.932004690170288
E7,2,4,random,7,0.3849673867225647,4.594351768493652,3.894012928009033
E7,2,4,random,8,0.36198627948760986,4.593742370605469,3.913010358810425
E7,2,4,random,9,0.37621816992759705,4.657090187072754,4.008516788482666
E7,2,4,random,10,0.33069974184036255,4.617793083190918,3.8293097019195557
E7,2,4,random,11,0.3615606427192688,4.888303756713867,4.292488098144531
E7,2,4,random,12,0.33491411805152893,4.607992649078369,3.791700839996338
E7,2,4,random,13,0.4340706765651703,4.580195426940918,3.9397940635681152
E7,2,4,random,14,0.30867999792099,4.63500452041626,3.810637950897217
E7,2,4,random,15,0.3252638578414917,4.6707539558410645,3.9990391731262207
E7,2,4,random,16,0.4073387086391449,4.6887946128845215,4.044741153717041
E7,2,4,random,17,0.267606645822525,4.770931243896484,4.121242046356201
E7,2,4,random,18,0.44972535967826843,4.637025833129883,4.013764381408691
E7,2,4,random,19,0.3001166582107544,4.640169620513916,3.806267023086548
E7,2,4,original,-1,0.39087244868278503,4.574801921844482,3.882695198059082
E7,2,4,top,-1,0.33269262313842773,4.727546691894531,4.0913872718811035
E7,2,4,bottom,-1,0.3513927459716797,4.596104621887207,3.8841381072998047
E7,2,4,reference_prior_top,-1,0.3540991544723511,4.703186511993408,4.0631937980651855
E7,3,0,random,0,0.05017782002687454,4.991570472717285,4.255663871765137
E7,3,0,random,1,0.19048863649368286,4.953123092651367,4.185794353485107
E7,3,0,random,2,0.14826138317584991,4.959567070007324,4.193462371826172
E7,3,0,random,3,0.06361749768257141,4.987039089202881,4.248874664306641
E7,3,0,random,4,0.12075646966695786,4.969168663024902,4.217397212982178
E7,3,0,random,5,0.1930801421403885,4.933126926422119,4.130917072296143
E7,3,0,random,6,0.19271084666252136,4.9430131912231445,4.163234710693359
E7,3,0,random,7,0.1112559363245964,4.969581604003906,4.213637828826904
E7,3,0,random,8,0.179798424243927,4.941829681396484,4.142877578735352
E7,3,0,random,9,0.15892988443374634,4.962439060211182,4.208185195922852
E7,3,0,random,10,0.21501147747039795,4.927709102630615,4.127780914306641
E7,3,0,random,11,0.10486801713705063,4.977608680725098,4.23609733581543
E7,3,0,random,12,0.14185212552547455,4.962037086486816,4.207795143127441
E7,3,0,random,13,0.09462472051382065,4.985169887542725,4.251763343811035
E7,3,0,random,14,0.15314407646656036,4.963531494140625,4.213758945465088
E7,3,0,random,15,0.07626675814390182,4.980334758758545,4.235978603363037
E7,3,0,random,16,-0.02617749758064747,5.010955810546875,4.286167621612549
E7,3,0,random,17,0.2271641343832016,4.9231696128845215,4.115501880645752
E7,3,0,random,18,0.10404221713542938,4.968392372131348,4.2094950675964355
E7,3,0,random,19,0.08810772001743317,4.97641134262085,4.2208571434021
E7,3,0,original,-1,0.14304636418819427,4.963944435119629,4.214702129364014
E7,3,0,top,-1,-0.019511014223098755,5.017992973327637,4.302335262298584
E7,3,0,bottom,-1,0.22956514358520508,4.927710056304932,4.134976863861084
E7,3,0,reference_prior_top,-1,0.03258328139781952,4.991334915161133,4.251692295074463
E7,3,1,random,0,-0.06472864001989365,5.77288293838501,4.355848789215088
E7,3,1,random,1,0.13788963854312897,8.865497589111328,7.460560321807861
E7,3,1,random,2,0.1298287808895111,8.03914737701416,6.565277576446533
E7,3,1,random,3,0.03783483803272247,6.047754764556885,5.0494537353515625
E7,3,1,random,4,0.15236948430538177,5.6594414710998535,4.673366546630859
E7,3,1,random,5,0.14579513669013977,6.223220348358154,5.064255714416504
E7,3,1,random,6,0.03725581616163254,5.956623554229736,4.766496181488037
E7,3,1,random,7,0.027776816859841347,6.095123767852783,5.042550563812256
E7,3,1,random,8,-0.014453990384936333,5.446684837341309,4.338384628295898
E7,3,1,random,9,-0.07326417416334152,5.886264324188232,4.571057319641113
E7,3,1,random,10,0.0953695997595787,7.965447425842285,6.428687572479248
E7,3,1,random,11,0.09085618704557419,6.232542037963867,4.8640666007995605
E7,3,1,random,12,0.08796502649784088,5.467024803161621,4.427289009094238
E7,3,1,random,13,0.003063807962462306,6.193201541900635,4.896676540374756
E7,3,1,random,14,0.046872612088918686,7.297561168670654,5.973211288452148
E7,3,1,random,15,0.09972390532493591,5.867107391357422,4.652592658996582
E7,3,1,random,16,-0.026646781712770462,5.567059516906738,4.461550235748291
E7,3,1,random,17,0.04509285092353821,5.512738227844238,4.446686744689941
E7,3,1,random,18,0.013566647656261921,5.963877201080322,4.807055950164795
E7,3,1,random,19,-0.0030460748821496964,5.6016669273376465,4.521892070770264
E7,3,1,original,-1,0.043943606317043304,5.652240753173828,4.535556793212891
E7,3,1,top,-1,0.18436135351657867,6.209771156311035,4.995842456817627
E7,3,1,bottom,-1,0.11007095873355865,5.598762035369873,4.499611854553223
E7,3,1,reference_prior_top,-1,0.12363224476575851,6.122506618499756,4.850709915161133
E7,3,2,random,0,0.19017483294010162,4.949164390563965,4.08405876159668
E7,3,2,random,1,0.1501147449016571,4.921229839324951,4.244390964508057
E7,3,2,random,2,0.1716003119945526,5.093662738800049,4.151498794555664
E7,3,2,random,3,0.16124558448791504,4.882962703704834,4.150484561920166
E7,3,2,random,4,0.14205333590507507,4.948668956756592,4.257278919219971
E7,3,2,random,5,0.16076898574829102,4.886519432067871,4.149745464324951
E7,3,2,random,6,0.21398486196994781,4.942981719970703,4.086784362792969
E7,3,2,random,7,0.19628317654132843,4.856235504150391,4.106256484985352
E7,3,2,random,8,0.12751322984695435,4.950210094451904,4.262953281402588
E7,3,2,random,9,0.18825572729110718,5.124178409576416,4.154044151306152
E7,3,2,random,10,0.20019526779651642,4.9061126708984375,4.051886081695557
E7,3,2,random,11,0.20813404023647308,4.839056491851807,4.095915794372559
E7,3,2,random,12,0.14401935040950775,4.9017815589904785,4.201847553253174
E7,3,2,random,13,0.1719200611114502,4.896735191345215,4.092454433441162
E7,3,2,random,14,0.19411124289035797,4.884330749511719,4.229649066925049
E7,3,2,random,15,0.16392728686332703,4.902885913848877,4.116534233093262
E7,3,2,random,16,0.16820283234119415,5.180519104003906,4.204961776733398
E7,3,2,random,17,0.19766567647457123,4.894479751586914,4.0858025550842285
E7,3,2,random,18,0.23866362869739532,4.85887336730957,4.045307159423828
E7,3,2,random,19,0.19308394193649292,5.011469841003418,4.100595474243164
E7,3,2,original,-1,0.18127888441085815,4.924471378326416,4.084713459014893
E7,3,2,top,-1,0.08975531160831451,5.001210689544678,4.333479881286621
E7,3,2,bottom,-1,0.18327242136001587,4.878579616546631,4.10360050201416
E7,3,2,reference_prior_top,-1,0.12144451588392258,4.978090763092041,4.317119598388672
E7,3,3,random,0,0.37148410081863403,5.119239330291748,4.197669982910156
E7,3,3,random,1,0.2941032350063324,5.006464958190918,4.336321830749512
E7,3,3,random,2,0.37443456053733826,4.929783344268799,4.125006675720215
E7,3,3,random,3,0.3879581093788147,4.931388854980469,4.125289440155029
E7,3,3,random,4,0.293964147567749,4.97317361831665,4.251920700073242
E7,3,3,random,5,0.2650976777076721,5.064098834991455,4.409821510314941
E7,3,3,random,6,0.33547645807266235,4.946805477142334,4.240564346313477
E7,3,3,random,7,0.30265846848487854,4.975794792175293,4.220210552215576
E7,3,3,random,8,0.35981041193008423,4.902081489562988,4.165889263153076
E7,3,3,random,9,0.3901837170124054,4.914116859436035,4.118910789489746
E7,3,3,random,10,0.3667179346084595,4.920967102050781,4.112950801849365
E7,3,3,random,11,0.34984323382377625,4.9254469871521,4.195564270019531
E7,3,3,random,12,0.2750087082386017,5.003204822540283,4.316884517669678
E7,3,3,random,13,0.3221057951450348,4.970090389251709,4.106983184814453
E7,3,3,random,14,0.27003324031829834,5.013790607452393,4.338043212890625
E7,3,3,random,15,0.34229350090026855,4.960166931152344,4.237802505493164
E7,3,3,random,16,0.343849778175354,4.9563374519348145,4.183738708496094
E7,3,3,random,17,0.24339091777801514,5.05587100982666,4.412041664123535
E7,3,3,random,18,0.2743445336818695,4.990004062652588,4.183908462524414
E7,3,3,random,19,0.24832071363925934,5.010444164276123,4.326651096343994
E7,3,3,original,-1,0.36862850189208984,4.888936996459961,4.13572883605957
E7,3,3,top,-1,0.28297513723373413,5.005614280700684,4.307404518127441
E7,3,3,bottom,-1,0.3620806336402893,4.911979675292969,4.166910171508789
E7,3,3,reference_prior_top,-1,0.36289453506469727,4.934372425079346,4.210041522979736
E7,3,4,random,0,0.12095539271831512,5.033720016479492,3.796273946762085
E7,3,4,random,1,0.06218176335096359,5.026640892028809,3.77510666847229
E7,3,4,random,2,0.1760457307100296,5.567242622375488,4.139400959014893
E7,3,4,random,3,0.07892046123743057,5.134654998779297,3.8517680168151855
E7,3,4,random,4,0.1702052652835846,5.4187703132629395,4.497787952423096
E7,3,4,random,5,0.17128939926624298,4.734477519989014,3.6447224617004395
E7,3,4,random,6,0.15716004371643066,4.7245378494262695,3.577127695083618
E7,3,4,random,7,0.040217574685811996,5.189572334289551,3.8769748210906982
E7,3,4,random,8,0.17692095041275024,5.602314472198486,4.132387638092041
E7,3,4,random,9,0.1364564746618271,5.305271148681641,3.8997855186462402
E7,3,4,random,10,0.0948420837521553,8.044550895690918,6.907074928283691
E7,3,4,random,11,0.14646847546100616,5.711265563964844,4.317280292510986
E7,3,4,random,12,0.143882617354393,5.3167595863342285,3.9218106269836426
E7,3,4,random,13,0.0912199467420578,6.673379898071289,5.709623336791992
E7,3,4,random,14,0.11891700327396393,5.569895267486572,4.595641136169434
E7,3,4,random,15,0.13287650048732758,5.679415225982666,4.741087913513184
E7,3,4,random,16,0.1031772643327713,5.2708234786987305,3.8328473567962646
E7,3,4,random,17,0.10571317374706268,5.409902095794678,4.237242698669434
E7,3,4,random,18,0.15607693791389465,4.752933025360107,3.6226260662078857
E7,3,4,random,19,0.13426156342029572,5.367741107940674,4.249877452850342
E7,3,4,original,-1,0.12261395156383514,4.924107074737549,3.8286828994750977
E7,3,4,top,-1,0.15323247015476227,4.767415523529053,3.8312618732452393
E7,3,4,bottom,-1,0.13780376315116882,5.076181411743164,3.8464503288269043
E7,3,4,reference_prior_top,-1,0.11666526645421982,5.581833362579346,4.241857051849365
E7,4,0,random,0,0.14912834763526917,4.864242076873779,4.065258026123047
E7,4,0,random,1,0.08661199361085892,4.886122703552246,4.002974033355713
E7,4,0,random,2,0.0016953028971329331,6.023954391479492,5.268240451812744
E7,4,0,random,3,-0.008497095666825771,5.485511302947998,4.832827091217041
E7,4,0,random,4,0.043883681297302246,5.912571430206299,5.135696887969971
E7,4,0,random,5,0.031482186168432236,5.937829494476318,5.1899824142456055
E7,4,0,random,6,0.05345538631081581,5.120307445526123,4.313851833343506
E7,4,0,random,7,0.05052179843187332,5.894594192504883,5.199047565460205
E7,4,0,random,8,-0.03352772817015648,5.996192455291748,5.275327205657959
E7,4,0,random,9,0.03836348280310631,5.05030632019043,4.304556369781494
E7,4,0,random,10,0.10489750653505325,4.8824591636657715,4.085268974304199
E7,4,0,random,11,0.0710543543100357,5.290982246398926,4.602514266967773
E7,4,0,random,12,0.11197967827320099,5.214224338531494,4.5414958000183105
E7,4,0,random,13,0.08745130896568298,4.985783100128174,4.256875991821289
E7,4,0,random,14,0.0396820604801178,5.058846950531006,4.332630634307861
E7,4,0,random,15,0.10741414874792099,4.906222820281982,3.9893908500671387
E7,4,0,random,16,-0.004217834211885929,6.2322893142700195,5.486241817474365
E7,4,0,random,17,0.07315941154956818,4.914893627166748,4.0289764404296875
E7,4,0,random,18,0.004146851133555174,5.697772979736328,5.026325702667236
E7,4,0,random,19,0.10955488681793213,5.302675247192383,4.597753524780273
E7,4,0,original,-1,0.04432819038629532,5.147229194641113,4.355661869049072
E7,4,0,top,-1,-0.12991465628147125,8.491007804870605,7.510488986968994
E7,4,0,bottom,-1,0.08246094733476639,4.996764659881592,4.147475242614746
E7,4,0,reference_prior_top,-1,-0.06015700846910477,6.26495885848999,5.475887775421143
E7,4,1,random,0,0.4542395770549774,4.607911109924316,3.9659647941589355
E7,4,1,random,1,0.18308302760124207,5.0336384773254395,3.897351026535034
E7,4,1,random,2,0.44412773847579956,4.621270656585693,3.97305965423584
E7,4,1,random,3,0.2923262119293213,4.58318567276001,3.6893160343170166
E7,4,1,random,4,0.34861987829208374,4.499444961547852,3.765773057937622
E7,4,1,random,5,0.4687217175960541,4.663386821746826,4.0516557693481445
E7,4,1,random,6,0.33415335416793823,4.498069763183594,3.6977031230926514
E7,4,1,random,7,0.44684937596321106,4.3526129722595215,3.6312317848205566
E7,4,1,random,8,0.42652392387390137,4.526026725769043,3.8623108863830566
E7,4,1,random,9,0.2561093866825104,4.937492847442627,3.80471134185791
E7,4,1,random,10,0.4289957284927368,4.410144329071045,3.731682538986206
E7,4,1,random,11,0.16462551057338715,5.188702583312988,3.914963960647583
E7,4,1,random,12,0.33798229694366455,4.483236789703369,3.681628942489624
E7,4,1,random,13,0.27120041847229004,4.612018585205078,3.7222414016723633
E7,4,1,random,14,0.47950270771980286,4.4352006912231445,3.756294012069702
E7,4,1,random,15,0.4597680866718292,4.3946757316589355,3.7127609252929688
E7,4,1,random,16,0.1346353143453598,5.078567028045654,3.925511360168457
E7,4,1,random,17,0.3924981951713562,4.716595649719238,4.062491416931152
E7,4,1,random,18,0.32610151171684265,4.685300827026367,3.681783676147461
E7,4,1,random,19,0.41360458731651306,4.411520957946777,3.7145745754241943
E7,4,1,original,-1,0.41125693917274475,4.379951477050781,3.6307413578033447
E7,4,1,top,-1,0.41551104187965393,5.1683526039123535,4.511613845825195
E7,4,1,bottom,-1,0.25832852721214294,4.759364604949951,3.7164149284362793
E7,4,1,reference_prior_top,-1,0.4716250002384186,4.835954189300537,4.197207927703857
E7,4,2,random,0,0.11694780737161636,5.263508319854736,4.377717018127441
E7,4,2,random,1,0.17972488701343536,5.198807239532471,4.2577128410339355
E7,4,2,random,2,0.11596103757619858,5.229640483856201,4.3907599449157715
E7,4,2,random,3,0.1762111485004425,5.2808380126953125,4.221088886260986
E7,4,2,random,4,0.1159886047244072,5.267243385314941,4.331228256225586
E7,4,2,random,5,0.21331214904785156,5.32955265045166,4.176485538482666
E7,4,2,random,6,0.13446131348609924,5.289772033691406,4.258412837982178
E7,4,2,random,7,0.128758043050766,5.246920108795166,4.313643455505371
E7,4,2,random,8,0.2044634222984314,5.3406901359558105,4.165258407592773
E7,4,2,random,9,0.12155599892139435,5.2627034187316895,4.32742166519165
E7,4,2,random,10,-0.013897337019443512,5.602164268493652,4.83254337310791
E7,4,2,random,11,0.23251332342624664,5.252634525299072,4.192265510559082
E7,4,2,random,12,0.19456571340560913,5.529399394989014,4.22340726852417
E7,4,2,random,13,0.0690174251794815,5.5051116943359375,4.784858226776123
E7,4,2,random,14,0.24047479033470154,5.325885772705078,4.165916919708252
E7,4,2,random,15,0.09557236731052399,5.374656677246094,4.613426685333252
E7,4,2,random,16,0.07555509358644485,5.306398868560791,4.391528129577637
E7,4,2,random,17,0.10922936350107193,5.316437244415283,4.317983150482178
E7,4,2,random,18,0.22061580419540405,5.1169233322143555,4.263057708740234
E7,4,2,random,19,0.1818971037864685,5.33526086807251,4.223749160766602
E7,4,2,original,-1,0.14126498997211456,5.247140884399414,4.359076976776123
E7,4,2,top,-1,0.016490651294589043,5.425624847412109,4.676445007324219
E7,4,2,bottom,-1,0.2011876255273819,5.170285224914551,4.237439155578613
E7,4,2,reference_prior_top,-1,0.06931118667125702,5.286390781402588,4.442041397094727
E7,4,3,random,0,0.05707743391394615,5.050343036651611,4.154855251312256
E7,4,3,random,1,0.12763665616512299,5.0489373207092285,4.14565896987915
E7,4,3,random,2,0.17209085822105408,5.0300679206848145,4.145537853240967
E7,4,3,random,3,0.11455047875642776,5.060802936553955,4.135810852050781
E7,4,3,random,4,0.1678791344165802,5.049458026885986,4.135456085205078
E7,4,3,random,5,0.15653657913208008,5.034729957580566,4.1278395652771
E7,4,3,random,6,0.12995211780071259,5.047274589538574,4.12722110748291
E7,4,3,random,7,0.15276587009429932,5.053245544433594,4.124453067779541
E7,4,3,random,8,0.14671804010868073,5.026752948760986,4.144913196563721
E7,4,3,random,9,0.13491204380989075,5.0472493171691895,4.136844158172607
E7,4,3,random,10,0.12634439766407013,5.0369768142700195,4.139560699462891
E7,4,3,random,11,0.13646069169044495,5.043152809143066,4.1335625648498535
E7,4,3,random,12,0.15906858444213867,5.031428337097168,4.138948440551758
E7,4,3,random,13,0.1285732090473175,5.082540988922119,4.123193740844727
E7,4,3,random,14,0.1159588098526001,5.044086933135986,4.150130271911621
E7,4,3,random,15,0.11942341923713684,5.03493595123291,4.142096996307373
E7,4,3,random,16,0.12772436439990997,5.049197196960449,4.130455493927002
E7,4,3,random,17,0.08130043745040894,5.055445671081543,4.147634983062744
E7,4,3,random,18,0.1748749166727066,5.040194034576416,4.14040470123291
E7,4,3,random,19,0.14202257990837097,5.028425216674805,4.140610694885254
E7,4,3,original,-1,0.13748252391815186,5.0599894523620605,4.119694709777832
E7,4,3,top,-1,0.12000910937786102,5.051188945770264,4.145228862762451
E7,4,3,bottom,-1,0.13054893910884857,5.0644731521606445,4.120938301086426
E7,4,3,reference_prior_top,-1,0.0996788814663887,5.038097381591797,4.155019760131836
E7,4,4,random,0,0.13627183437347412,4.936802387237549,3.9874134063720703
E7,4,4,random,1,0.11933361738920212,4.889847278594971,3.77423095703125
E7,4,4,random,2,0.22648431360721588,4.7691731452941895,3.8850886821746826
E7,4,4,random,3,0.23480117321014404,4.68302059173584,3.9016716480255127
E7,4,4,random,4,0.16607320308685303,5.70890998840332,4.875715255737305
E7,4,4,random,5,0.1630294770002365,6.812761306762695,5.871152400970459
E7,4,4,random,6,0.19918878376483917,4.835075378417969,4.091087341308594
E7,4,4,random,7,0.16988150775432587,4.805443286895752,3.7858967781066895
E7,4,4,random,8,0.1832919716835022,4.653545379638672,3.727677822113037
E7,4,4,random,9,0.2229829579591751,4.757506847381592,4.024292945861816
E7,4,4,random,10,0.20105810463428497,5.026610374450684,3.7631664276123047
E7,4,4,random,11,0.16756045818328857,5.167062759399414,4.144722938537598
E7,4,4,random,12,0.21218863129615784,4.827990531921387,4.06234884262085
E7,4,4,random,13,0.2998526990413666,4.5718674659729,3.8142833709716797
E7,4,4,random,14,0.2128087878227234,4.743021488189697,3.9177358150482178
E7,4,4,random,15,0.19770029187202454,5.018276214599609,4.30601167678833
E7,4,4,random,16,0.184612438082695,5.283758163452148,4.468533039093018
E7,4,4,random,17,0.1722264289855957,4.764440536499023,3.8688249588012695
E7,4,4,random,18,0.20025746524333954,4.872823238372803,3.9111275672912598
E7,4,4,random,19,0.16989998519420624,4.854281425476074,4.10480260848999
E7,4,4,original,-1,0.1911809742450714,4.7977399826049805,3.8514256477355957
E7,4,4,top,-1,0.1860295981168747,5.268217086791992,4.5439605712890625
E7,4,4,bottom,-1,0.17251203954219818,4.836162090301514,3.8097496032714844
E7,4,4,reference_prior_top,-1,0.10860319435596466,4.796261787414551,4.034576416015625
