method_id,method_name,method_family,seed,fold,split_id,n_train,n_val,n_test,best_alpha1,best_alpha2,best_val_rmse,runtime_seconds,group_aware,pearson,rmse,mae,prior_alignment_pearson,prior_alignment_spearman,prior_alignment_top10_jaccard
NCR_TRUE,Network-Constrained Prior-Laplacian Ridge,network_constrained_ridge,0,0,seed00_fold00,279,50,83,0.01,0.0,4.277538554810481,6.929343223571777,False,0.3958834536864214,4.726272602883885,3.9974965337167263,-0.0331625928066968,0.0019876376666084,0.0
NCR_TRUE,Network-Constrained Prior-Laplacian Ridge,network_constrained_ridge,0,1,seed00_fold01,279,50,83,1.0,0.0,4.547700493818471,6.560260057449341,False,0.4160970627763207,4.651862029673086,3.895230395179388,-0.0516368361349206,0.0160309470095808,0.0
NCR_TRUE,Network-Constrained Prior-Laplacian Ridge,network_constrained_ridge,0,2,seed00_fold02,280,50,82,1.0,5.0,4.866732361623315,7.11600136756897,False,0.2833579051668363,4.529445856270253,3.8142553668553294,-0.8990881438171822,-0.7412440217747803,0.0
NCR_TRUE,Network-Constrained Prior-Laplacian Ridge,network_constrained_ridge,0,3,seed00_fold03,280,50,82,0.1,0.0,3.859544749068279,7.256627798080444,False,0.4419245932630494,4.6263990783558535,3.7495119892503914,-0.1046991768077938,-0.0846094405720621,0.0
NCR_TRUE,Network-Constrained Prior-Laplacian Ridge,network_constrained_ridge,0,4,seed00_fold04,280,50,82,0.1,0.0,4.324293913709828,7.2854931354522705,False,0.2827518442665354,4.522229486267992,3.7112168217283528,-0.0610231526739071,-0.0480728647707868,0.0
NCR_SHUFFLED,Shuffled-prior Network-Constrained Ridge,network_constrained_ridge,0,0,seed00_fold00,279,50,83,0.01,0.0,4.277538554810493,7.096762657165527,False,0.3958834536864217,4.726272602883885,3.997496533716724,-0.08278276074419386,-0.041230996420903394,0.1111111111111111
NCR_RANDOM,Random-prior Network-Constrained Ridge,network_constrained_ridge,0,0,seed00_fold00,279,50,83,0.01,0.0,4.27753855481049,7.364987134933472,False,0.39588345368642036,4.7262726028838875,3.997496533716728,-0.05773815745120575,-0.009533694691115981,0.0
NCR_SHUFFLED,Shuffled-prior Network-Constrained Ridge,network_constrained_ridge,0,1,seed00_fold01,279,50,83,1.0,0.0,4.547700493818458,7.791580677032471,False,0.41609706277632075,4.651862029673086,3.89523039517939,-0.1275239604748563,-0.11882877045045728,0.1111111111111111
NCR_RANDOM,Random-prior Network-Constrained Ridge,network_constrained_ridge,0,1,seed00_fold01,279,50,83,1.0,0.0,4.547700493818459,7.726974725723267,False,0.41609706277632086,4.651862029673086,3.895230395179388,-0.06689834638343459,0.008418867489332259,0.0
NCR_SHUFFLED,Shuffled-prior Network-Constrained Ridge,network_constrained_ridge,0,2,seed00_fold02,280,50,82,1.0,10.0,4.8760519515496625,6.990072011947632,False,0.2799624515572271,4.536323076650231,3.81386443281157,-0.9372015443559186,-0.7464478369722829,0.0
NCR_RANDOM,Random-prior Network-Constrained Ridge,network_constrained_ridge,0,2,seed00_fold02,280,50,82,1.0,10.0,4.906876414701152,6.236112833023071,False,0.2826281901060753,4.531499715622738,3.810552328756597,-0.7430582212384117,-0.6292853573213394,0.0
NCR_SHUFFLED,Shuffled-prior Network-Constrained Ridge,network_constrained_ridge,0,3,seed00_fold03,280,50,82,0.1,1.0,3.799546955795967,6.106441974639893,False,0.39470456821239486,4.762647516439261,3.8586468441056847,-0.9515446507785643,-0.7471070534848263,0.0
NCR_RANDOM,Random-prior Network-Constrained Ridge,network_constrained_ridge,0,3,seed00_fold03,280,50,82,0.1,0.0,3.8595447490682564,6.207455158233643,False,0.44192459326304917,4.6263990783558535,3.749511989250389,-0.07592022560915257,-0.03439049705916273,0.05263157894736842
NCR_SHUFFLED,Shuffled-prior Network-Constrained Ridge,network_constrained_ridge,0,4,seed00_fold04,280,50,82,0.1,0.0,4.3242939137098,6.1752028465271,False,0.28275184426653543,4.522229486267992,3.7112168217283528,-0.04252212894419116,0.0053786074546163945,0.1111111111111111
NCR_RANDOM,Random-prior Network-Constrained Ridge,network_constrained_ridge,0,4,seed00_fold04,280,50,82,0.1,0.0,4.32429391370983,6.362231492996216,False,0.28275184426653455,4.522229486267993,3.7112168217283545,-0.036453221339762434,0.02248106715872833,0.05263157894736842
NCR_TRUE,Network-Constrained Prior-Laplacian Ridge,network_constrained_ridge,1,0,seed01_fold00,279,50,83,0.1,0.5,4.777199044005708,6.270544052124023,False,0.4814986234143735,4.516353130654466,3.762557583918961,-0.9375286665787123,-0.743920840340866,0.0
NCR_SHUFFLED,Shuffled-prior Network-Constrained Ridge,network_constrained_ridge,1,0,seed01_fold00,279,50,83,0.1,0.0,4.798861229752357,6.219506025314331,False,0.4755464517842806,4.544227706813105,3.6811748057363123,-0.024808040975907237,-0.02713774643304131,0.17647058823529413
NCR_RANDOM,Random-prior Network-Constrained Ridge,network_constrained_ridge,1,0,seed01_fold00,279,50,83,0.1,0.0,4.7988612297523785,6.147684097290039,False,0.475546451784282,4.5442277068131,3.6811748057363096,0.006075782698436227,0.04925998539191943,0.05263157894736842
NCR_TRUE,Network-Constrained Prior-Laplacian Ridge,network_constrained_ridge,1,1,seed01_fold01,279,50,83,1.0,5.0,4.398349963633298,6.34952187538147,False,0.28336363844593837,4.632736124178574,4.026866115741298,-0.8878733494829619,-0.7443403417579392,0.0
NCR_SHUFFLED,Shuffled-prior Network-Constrained Ridge,network_constrained_ridge,1,1,seed01_fold01,279,50,83,1.0,10.0,4.388728603525414,6.305549621582031,False,0.31450583798945414,4.577432554112513,3.9799960773897105,-0.9244275476750821,-0.7508625899805288,0.0
NCR_RANDOM,Random-prior Network-Constrained Ridge,network_constrained_ridge,1,1,seed01_fold01,279,50,83,1.0,5.0,4.361190240953658,6.125432252883911,False,0.2467282821720081,4.692812594279051,4.098895683946597,-0.7461119495886851,-0.6554491984776842,0.0
NCR_TRUE,Network-Constrained Prior-Laplacian Ridge,network_constrained_ridge,1,2,seed01_fold02,280,50,82,1.0,0.0,4.785381872074188,6.380044460296631,False,0.3464358348057979,4.5815995900807245,3.773858050096841,-0.03546991853659627,0.026203856373604666,0.0
NCR_SHUFFLED,Shuffled-prior Network-Constrained Ridge,network_constrained_ridge,1,2,seed01_fold02,280,50,82,1.0,0.0,4.785381872074197,6.337197303771973,False,0.34643583480579776,4.581599590080725,3.773858050096841,-0.13131184704366716,-0.09606582450975021,0.05263157894736842
NCR_RANDOM,Random-prior Network-Constrained Ridge,network_constrained_ridge,1,2,seed01_fold02,280,50,82,0.1,10.0,4.697526994368116,6.843067407608032,False,0.30475532209602935,4.7844008194026095,3.7405556827065736,-0.7698014483597472,-0.6343597432053204,0.0
NCR_TRUE,Network-Constrained Prior-Laplacian Ridge,network_constrained_ridge,1,3,seed01_fold03,280,50,82,1.0,0.0,4.4751656041349985,6.439810514450073,False,0.3949011470582355,4.715564973994418,3.95464137174157,-0.12725306732187794,-0.09599590760690467,0.0
NCR_SHUFFLED,Shuffled-prior Network-Constrained Ridge,network_constrained_ridge,1,3,seed01_fold03,280,50,82,1.0,0.0,4.475165604134992,6.220829010009766,False,0.394901147058235,4.71556497399442,3.954641371741571,-0.17589860720984915,-0.18271783745779946,0.05263157894736842
NCR_RANDOM,Random-prior Network-Constrained Ridge,network_constrained_ridge,1,3,seed01_fold03,280,50,82,1.0,0.0,4.475165604134994,6.537601470947266,False,0.394901147058235,4.71556497399442,3.954641371741571,-0.0753554270377038,0.012032445315803638,0.0
NCR_TRUE,Network-Constrained Prior-Laplacian Ridge,network_constrained_ridge,1,4,seed01_fold04,280,50,82,1.0,0.0,4.52771409498248,6.674292802810669,False,0.17908321467096794,4.640601082521901,3.966806437568475,0.076589944256273,0.12193008449810518,0.0
NCR_SHUFFLED,Shuffled-prior Network-Constrained Ridge,network_constrained_ridge,1,4,seed01_fold04,280,50,82,1.0,0.0,4.527714094982476,6.532309055328369,False,0.1790832146709678,4.640601082521901,3.966806437568475,-0.14682647047229253,-0.14075770762150705,0.05263157894736842
NCR_RANDOM,Random-prior Network-Constrained Ridge,network_constrained_ridge,1,4,seed01_fold04,280,50,82,1.0,0.0,4.52771409498247,6.996023893356323,False,0.17908321467096777,4.640601082521901,3.966806437568475,0.008664412308367585,0.07460116095798257,0.05263157894736842
NCR_TRUE,Network-Constrained Prior-Laplacian Ridge,network_constrained_ridge,2,0,seed02_fold00,279,50,83,1.0,0.0,4.723769653754442,6.7012856006622314,False,0.4712129557098481,4.286977904962876,3.5032035931980516,-0.0030724224607776504,0.04493159820722721,0.0
NCR_SHUFFLED,Shuffled-prior Network-Constrained Ridge,network_constrained_ridge,2,0,seed02_fold00,279,50,83,1.0,10.0,4.687533234642633,6.423503875732422,False,0.47835051925290245,4.316039397552216,3.5499446357700477,-0.9325772990923092,-0.7490247742485894,0.0
NCR_RANDOM,Random-prior Network-Constrained Ridge,network_constrained_ridge,2,0,seed02_fold00,279,50,83,1.0,0.5,4.723653264476217,6.852872610092163,False,0.4750766430318663,4.28812928763666,3.5134968216017746,-0.4630846395114277,-0.4719563295275439,0.0
NCR_TRUE,Network-Constrained Prior-Laplacian Ridge,network_constrained_ridge,2,1,seed02_fold01,279,50,83,0.1,10.0,4.334441280869264,9.608494520187378,False,0.4145268054338245,4.417093375965132,3.895105817431439,-0.9603517982908443,-0.741573630031052,0.0
NCR_SHUFFLED,Shuffled-prior Network-Constrained Ridge,network_constrained_ridge,2,1,seed02_fold01,279,50,83,0.1,0.5,4.432301598287691,9.58934235572815,False,0.38632878879400684,4.51670113431214,3.8916608830790844,-0.9470632023164203,-0.7444402230477184,0.0
NCR_RANDOM,Random-prior Network-Constrained Ridge,network_constrained_ridge,2,1,seed02_fold01,279,50,83,0.1,0.5,4.439491167913707,8.636502742767334,False,0.3805193179372576,4.513126978243519,3.9144548772910195,-0.722555514666928,-0.5886748933225695,0.0
NCR_TRUE,Network-Constrained Prior-Laplacian Ridge,network_constrained_ridge,2,2,seed02_fold02,280,50,82,0.01,0.0,4.069917276811065,8.661176681518555,False,0.313424398629674,5.098756010863091,4.2043348791638175,-0.03876657821054037,-0.012385279932635709,0.0
NCR_SHUFFLED,Shuffled-prior Network-Constrained Ridge,network_constrained_ridge,2,2,seed02_fold02,280,50,82,0.01,0.0,4.069917276811074,7.953470468521118,False,0.31342439862967325,5.098756010863092,4.204334879163819,-0.14804397852701162,-0.18277277216717808,0.1111111111111111
NCR_RANDOM,Random-prior Network-Constrained Ridge,network_constrained_ridge,2,2,seed02_fold02,280,50,82,0.01,0.0,4.069917276811057,8.785752773284912,False,0.31342439862967353,5.098756010863091,4.204334879163818,-0.0838605179029307,-0.025133587052627537,0.0
NCR_TRUE,Network-Constrained Prior-Laplacian Ridge,network_constrained_ridge,2,3,seed02_fold03,280,50,82,10.0,0.0,4.723138269123974,9.017192125320435,False,0.3034328962158322,4.564109145701193,3.897416409990442,0.06031558071029157,0.12003233999229808,0.0
NCR_SHUFFLED,Shuffled-prior Network-Constrained Ridge,network_constrained_ridge,2,3,seed02_fold03,280,50,82,10.0,0.0,4.723138269123976,8.274062156677246,False,0.303432896215832,4.5641091457011935,3.897416409990442,0.013751922989420556,0.024430963480021727,0.17647058823529413
NCR_RANDOM,Random-prior Network-Constrained Ridge,network_constrained_ridge,2,3,seed02_fold03,280,50,82,1.0,10.0,4.702029775379989,9.146105289459229,False,0.2139037147182436,4.5827587788132504,3.7830438232988657,-0.7533596940062633,-0.6469995771345097,0.0
NCR_TRUE,Network-Constrained Prior-Laplacian Ridge,network_constrained_ridge,2,4,seed02_fold04,280,50,82,0.1,1.0,4.715673908521644,8.45720911026001,False,0.4564659751792944,4.255768681609349,3.4809766926923524,-0.9509533151866509,-0.7433215526021902,0.0
NCR_SHUFFLED,Shuffled-prior Network-Constrained Ridge,network_constrained_ridge,2,4,seed02_fold04,280,50,82,0.1,0.0,4.8388498621994405,8.605276823043823,False,0.45298038000997193,4.275923573334411,3.4419896794276705,-0.06370686035117287,-0.06218609101660478,0.1111111111111111
NCR_RANDOM,Random-prior Network-Constrained Ridge,network_constrained_ridge,2,4,seed02_fold04,280,50,82,0.1,0.0,4.838849862199436,8.382755517959595,False,0.4529803800099723,4.27592357333441,3.4419896794276705,-0.006940323137775303,0.028747164879098914,0.1111111111111111
NCR_TRUE,Network-Constrained Prior-Laplacian Ridge,network_constrained_ridge,3,0,seed03_fold00,279,50,83,1.0,10.0,4.885426060737342,8.454834938049316,False,0.4723752308867284,4.519195087428534,3.8271516402200074,-0.9194711587141368,-0.7381277255336656,0.0
NCR_SHUFFLED,Shuffled-prior Network-Constrained Ridge,network_constrained_ridge,3,0,seed03_fold00,279,50,83,1.0,0.0,4.951980703656529,9.019712448120117,False,0.4954267582322512,4.4413289793620025,3.7715603604981465,-0.1019893451251922,-0.07802726357560498,0.1111111111111111
NCR_RANDOM,Random-prior Network-Constrained Ridge,network_constrained_ridge,3,0,seed03_fold00,279,50,83,1.0,0.0,4.951980703656526,9.733935356140137,False,0.49542675823225063,4.441328979362003,3.771560360498148,-0.013754308262859921,0.09599815476876947,0.0
NCR_TRUE,Network-Constrained Prior-Laplacian Ridge,network_constrained_ridge,3,1,seed03_fold01,279,50,83,0.1,0.0,4.27628589904651,10.664933919906616,False,0.24908354978578812,4.810667722683533,4.039870685442041,-0.10472222590391733,-0.10273290060251983,0.0
NCR_SHUFFLED,Shuffled-prior Network-Constrained Ridge,network_constrained_ridge,3,1,seed03_fold01,279,50,83,0.1,0.0,4.276285899046513,11.578784227371216,False,0.2490835497857889,4.81066772268353,4.039870685442038,-0.12605353876192346,-0.11478857227888378,0.05263157894736842
NCR_RANDOM,Random-prior Network-Constrained Ridge,network_constrained_ridge,3,1,seed03_fold01,279,50,83,0.1,0.0,4.2762858990464965,10.734655380249023,False,0.2490835497857895,4.8106677226835295,4.039870685442038,-0.06813046310410391,-0.006942682504901396,0.05263157894736842
NCR_TRUE,Network-Constrained Prior-Laplacian Ridge,network_constrained_ridge,3,2,seed03_fold02,280,50,82,0.01,0.0,4.323563763593991,9.212201118469238,False,0.46920912613212407,4.446310097665536,3.5476337944757264,-0.10697499750266445,-0.07917090434357818,0.0
NCR_SHUFFLED,Shuffled-prior Network-Constrained Ridge,network_constrained_ridge,3,2,seed03_fold02,280,50,82,0.01,0.0,4.323563763594007,8.752541780471802,False,0.46920912613212223,4.446310097665541,3.547633794475729,-0.1535488140247738,-0.16181767757147672,0.05263157894736842
NCR_RANDOM,Random-prior Network-Constrained Ridge,network_constrained_ridge,3,2,seed03_fold02,280,50,82,0.01,0.0,4.323563763593997,8.725374460220337,False,0.46920912613212384,4.4463100976655365,3.5476337944757255,-0.111695149972528,-0.08259716295698306,0.0
NCR_TRUE,Network-Constrained Prior-Laplacian Ridge,network_constrained_ridge,3,3,seed03_fold03,280,50,82,1.0,5.0,4.945987630161469,9.218714714050293,False,0.4930996621267766,4.620413678576792,3.848299722124272,-0.9083370325739025,-0.7378180935353496,0.0
NCR_SHUFFLED,Shuffled-prior Network-Constrained Ridge,network_constrained_ridge,3,3,seed03_fold03,280,50,82,1.0,10.0,4.914315150515488,10.284277439117432,False,0.4798977031745018,4.651226927627706,3.8570741496153857,-0.9443336423476157,-0.7477462937394139,0.0
NCR_RANDOM,Random-prior Network-Constrained Ridge,network_constrained_ridge,3,3,seed03_fold03,280,50,82,1.0,0.0,4.96420594419914,10.38501238822937,False,0.5027586830559531,4.578498249913353,3.8012930739728006,-0.032779394806637455,0.005012878176296467,0.05263157894736842
NCR_TRUE,Network-Constrained Prior-Laplacian Ridge,network_constrained_ridge,3,4,seed03_fold04,280,50,82,1.0,0.0,4.559343926036289,9.828296661376953,False,0.3667203075029385,4.224343597495598,3.6368853117164037,-0.008392527390166517,0.02810160087941175,0.0
NCR_SHUFFLED,Shuffled-prior Network-Constrained Ridge,network_constrained_ridge,3,4,seed03_fold04,280,50,82,1.0,2.0,4.547025882468749,8.677271604537964,False,0.36059940180570316,4.236342304513324,3.643142807741976,-0.8541697232099195,-0.7242542143833179,0.0
NCR_RANDOM,Random-prior Network-Constrained Ridge,network_constrained_ridge,3,4,seed03_fold04,280,50,82,1.0,1.0,4.551920358676237,8.70995283126831,False,0.3530348332409324,4.249354547255207,3.6591216908986697,-0.6013713966641193,-0.5618421558451544,0.0
NCR_TRUE,Network-Constrained Prior-Laplacian Ridge,network_constrained_ridge,4,0,seed04_fold00,279,50,83,0.01,10.0,4.237537015146759,9.396175146102905,False,0.14708158067151084,5.318961262197369,4.504464530585901,-0.9656524969435885,-0.7431118018936536,0.0
NCR_SHUFFLED,Shuffled-prior Network-Constrained Ridge,network_constrained_ridge,4,0,seed04_fold00,279,50,83,0.01,0.0,4.415440749580898,9.60611891746521,False,0.18227631150269025,5.113406261891972,4.291009096852939,-0.08795026917899999,-0.0683687428539447,0.05263157894736842
NCR_RANDOM,Random-prior Network-Constrained Ridge,network_constrained_ridge,4,0,seed04_fold00,279,50,83,0.1,0.5,4.412403323025143,8.925012826919556,False,0.19530993981309205,5.011579205691185,4.2257248707162995,-0.7342493396992303,-0.6283396763156883,0.0
NCR_TRUE,Network-Constrained Prior-Laplacian Ridge,network_constrained_ridge,4,1,seed04_fold01,279,50,83,0.1,0.0,4.26876212849459,8.792023420333862,False,0.3779028966817543,4.4667527536330915,3.7841418128293083,-0.08665096725625726,-0.07769266125484424,0.0
NCR_SHUFFLED,Shuffled-prior Network-Constrained Ridge,network_constrained_ridge,4,1,seed04_fold01,279,50,83,0.1,0.5,4.218824549319423,8.688076496124268,False,0.3586221975474142,4.517319260434004,3.884047728393904,-0.9521769197175511,-0.7414837368702507,0.0
NCR_RANDOM,Random-prior Network-Constrained Ridge,network_constrained_ridge,4,1,seed04_fold01,279,50,83,0.1,10.0,4.243629130013964,8.385289907455444,False,0.28734199204301275,4.66769885027471,3.901459362165206,-0.7625613380656884,-0.6040595087071848,0.0
NCR_TRUE,Network-Constrained Prior-Laplacian Ridge,network_constrained_ridge,4,2,seed04_fold02,280,50,82,0.1,10.0,4.079823854328482,9.141865015029907,False,0.47096224185335855,4.6238023154275165,3.866732381181517,-0.9644646186366177,-0.7454989647193794,0.0
NCR_SHUFFLED,Shuffled-prior Network-Constrained Ridge,network_constrained_ridge,4,2,seed04_fold02,280,50,82,1.0,0.0,4.12848681190486,9.073376655578613,False,0.48050158121605235,4.684735684620188,3.9210453327583834,-0.11116788754207604,-0.06329976739764419,0.0
NCR_RANDOM,Random-prior Network-Constrained Ridge,network_constrained_ridge,4,2,seed04_fold02,280,50,82,0.1,0.5,4.124365301012072,8.867492437362671,False,0.5285223201020408,4.449661588245848,3.6952280634313013,-0.73430958368176,-0.6031599584822973,0.0
NCR_TRUE,Network-Constrained Prior-Laplacian Ridge,network_constrained_ridge,4,3,seed04_fold03,280,50,82,0.1,0.0,4.794107188229516,9.168941020965576,False,0.37607792977465765,4.659658639509375,3.7992382755508762,-0.00677191521665727,0.008135331052525632,0.0
NCR_SHUFFLED,Shuffled-prior Network-Constrained Ridge,network_constrained_ridge,4,3,seed04_fold03,280,50,82,0.01,0.5,4.636869775382987,8.926408529281616,False,0.3480808873968465,4.855944496859189,3.7927451752031045,-0.9661904280526422,-0.7439508047278,0.0
NCR_RANDOM,Random-prior Network-Constrained Ridge,network_constrained_ridge,4,3,seed04_fold03,280,50,82,0.1,0.0,4.794107188229496,8.721625566482544,False,0.3760779297746576,4.659658639509374,3.7992382755508753,0.00970192688984562,0.056364125629492945,0.05263157894736842
NCR_TRUE,Network-Constrained Prior-Laplacian Ridge,network_constrained_ridge,4,4,seed04_fold04,280,50,82,0.1,10.0,4.544411131564473,9.898741245269775,False,0.30957723850873553,4.461606045599856,3.6518390776541363,-0.9583940633174451,-0.7398656599758255,0.0
NCR_SHUFFLED,Shuffled-prior Network-Constrained Ridge,network_constrained_ridge,4,4,seed04_fold04,280,50,82,0.01,10.0,4.236752723951831,9.803985357284546,False,0.20604356578818564,4.7894708956234435,3.9465347025189197,-0.969720117466339,-0.7448497363358138,0.0
NCR_RANDOM,Random-prior Network-Constrained Ridge,network_constrained_ridge,4,4,seed04_fold04,280,50,82,0.1,0.0,4.6160807801558805,9.035212755203247,False,0.3048414337655575,4.477200075988701,3.6576963613832647,-0.055205181392107144,-0.008611079075846692,0.05263157894736842
NCR_TRUE,Network-Constrained Prior-Laplacian Ridge,network_constrained_ridge,5,0,seed05_fold00,279,50,83,1.0,0.5,4.693576130177002,8.935072660446167,False,0.3917804821866505,4.423556562015041,3.594660816388987,-0.6189695531272436,-0.6670721759846571,0.0
NCR_SHUFFLED,Shuffled-prior Network-Constrained Ridge,network_constrained_ridge,5,0,seed05_fold00,279,50,83,1.0,5.0,4.686646771519823,10.089866161346436,False,0.38232569735672534,4.452883235711777,3.6356302396221847,-0.9112700827285398,-0.743331540731168,0.0
NCR_RANDOM,Random-prior Network-Constrained Ridge,network_constrained_ridge,5,0,seed05_fold00,279,50,83,1.0,0.0,4.695439159631653,12.848106622695923,False,0.3885542230447089,4.4226337784496375,3.600151545697337,-0.015735453127907917,0.10999884673048092,0.17647058823529413
NCR_TRUE,Network-Constrained Prior-Laplacian Ridge,network_constrained_ridge,5,1,seed05_fold01,279,50,83,1.0,2.0,4.8326443165601844,7.3654255867004395,False,0.511779642401024,4.428971012659666,3.833821420704807,-0.8597683695197526,-0.7435412914397047,0.0
NCR_SHUFFLED,Shuffled-prior Network-Constrained Ridge,network_constrained_ridge,5,1,seed05_fold01,279,50,83,1.0,0.0,4.845038726142252,7.31579852104187,False,0.5286144174124195,4.371741119949692,3.7708588092522026,-0.10286136184928513,-0.07748790461079663,0.1111111111111111
NCR_RANDOM,Random-prior Network-Constrained Ridge,network_constrained_ridge,5,1,seed05_fold01,279,50,83,1.0,0.0,4.845038726142274,7.559132814407349,False,0.5286144174124203,4.371741119949691,3.7708588092522004,-0.13413411891539506,-0.09806635143966479,0.0
NCR_TRUE,Network-Constrained Prior-Laplacian Ridge,network_constrained_ridge,5,2,seed05_fold02,280,50,82,1.0,5.0,4.734773769523118,7.169939756393433,False,0.33215431519790134,4.5967936055614524,3.7860812162614415,-0.9146519459189132,-0.7444701874346523,0.0
NCR_SHUFFLED,Shuffled-prior Network-Constrained Ridge,network_constrained_ridge,5,2,seed05_fold02,280,50,82,1.0,10.0,4.772041787678111,6.984354734420776,False,0.31772980936067113,4.627314476927676,3.7991183571895033,-0.9412483017903795,-0.7447798194329683,0.0
NCR_RANDOM,Random-prior Network-Constrained Ridge,network_constrained_ridge,5,2,seed05_fold02,280,50,82,1.0,0.0,4.788745794927611,6.950054168701172,False,0.3457334102348708,4.573567947752588,3.7618079173208963,0.031046662292257957,0.06040825740975665,0.0
NCR_TRUE,Network-Constrained Prior-Laplacian Ridge,network_constrained_ridge,5,3,seed05_fold03,280,50,82,0.1,10.0,4.654961261503954,7.141849517822266,False,0.33360424176909664,4.59964448431504,3.814346911804931,-0.960571916355621,-0.7400054937815167,0.0
NCR_SHUFFLED,Shuffled-prior Network-Constrained Ridge,network_constrained_ridge,5,3,seed05_fold03,280,50,82,1.0,0.0,4.685885905893109,6.918563604354858,False,0.3069182080378232,4.561829464955893,3.861381319935217,-0.13097702007008827,-0.09725940592261308,0.0
NCR_RANDOM,Random-prior Network-Constrained Ridge,network_constrained_ridge,5,3,seed05_fold03,280,50,82,1.0,0.0,4.685885905893114,7.0058887004852295,False,0.3069182080378231,4.561829464955893,3.861381319935217,-0.03176757792799332,0.01685311190558567,0.1111111111111111
NCR_TRUE,Network-Constrained Prior-Laplacian Ridge,network_constrained_ridge,5,4,seed05_fold04,280,50,82,0.1,0.0,3.730123709845926,7.078433275222778,False,0.3135378047624076,4.8835827434995265,4.044756461468443,-0.085520568805038,-0.057496664461465695,0.0
NCR_SHUFFLED,Shuffled-prior Network-Constrained Ridge,network_constrained_ridge,5,4,seed05_fold04,280,50,82,0.1,0.0,3.7301237098459454,7.163113832473755,False,0.31353780476240656,4.883582743499528,4.044756461468446,-0.14390074693587632,-0.13927447046828415,0.05263157894736842
NCR_RANDOM,Random-prior Network-Constrained Ridge,network_constrained_ridge,5,4,seed05_fold04,280,50,82,0.1,0.5,3.699121554343964,6.840759754180908,False,0.2871786078308423,4.951686194593292,4.137071358967891,-0.7351654393773241,-0.6357821089455272,0.0
NCR_TRUE,Network-Constrained Prior-Laplacian Ridge,network_constrained_ridge,6,0,seed06_fold00,279,50,83,1.0,0.0,4.603636783235361,7.102030515670776,False,0.43992701084574887,4.325091935992131,3.535444108356747,-0.1194314162185511,-0.09699971456918684,0.0
NCR_SHUFFLED,Shuffled-prior Network-Constrained Ridge,network_constrained_ridge,6,0,seed06_fold00,279,50,83,1.0,0.0,4.603636783235356,7.299684047698975,False,0.4399270108457489,4.325091935992131,3.535444108356747,-0.10254539848318386,-0.08049932549764315,0.1111111111111111
NCR_RANDOM,Random-prior Network-Constrained Ridge,network_constrained_ridge,6,0,seed06_fold00,279,50,83,1.0,0.0,4.603636783235361,7.016876220703125,False,0.4399270108457496,4.3250919359921305,3.535444108356746,-0.11748375058843648,-0.054672663668165915,0.0
NCR_TRUE,Network-Constrained Prior-Laplacian Ridge,network_constrained_ridge,6,1,seed06_fold01,279,50,83,1.0,0.0,4.855868989709375,6.873419284820557,False,0.4676908921641154,4.576300190663079,3.889051552077016,0.004937959586900357,0.06861345201390404,0.0
NCR_SHUFFLED,Shuffled-prior Network-Constrained Ridge,network_constrained_ridge,6,1,seed06_fold01,279,50,83,1.0,10.0,4.820555807974358,7.055405139923096,False,0.46546839371885407,4.613756622568515,3.9343014385407113,-0.9474588357789074,-0.7494842281815742,0.0
NCR_RANDOM,Random-prior Network-Constrained Ridge,network_constrained_ridge,6,1,seed06_fold01,279,50,83,1.0,0.0,4.85586898970936,6.982489347457886,False,0.4676908921641164,4.576300190663077,3.8890515520770124,-0.038208001811583917,0.0388574943297582,0.0
NCR_TRUE,Network-Constrained Prior-Laplacian Ridge,network_constrained_ridge,6,2,seed06_fold02,280,50,82,0.1,0.0,4.558216644216995,6.882923126220703,False,0.45995521734899203,4.537210755507733,3.796353243784808,-0.013295420045229251,-0.011596217743379078,0.05263157894736842
NCR_SHUFFLED,Shuffled-prior Network-Constrained Ridge,network_constrained_ridge,6,2,seed06_fold02,280,50,82,0.1,10.0,4.429877963160751,7.288483381271362,False,0.4209494102901625,4.643200885833648,3.8388406425188046,-0.9724321871087759,-0.7454690003324455,0.0
NCR_RANDOM,Random-prior Network-Constrained Ridge,network_constrained_ridge,6,2,seed06_fold02,280,50,82,0.1,0.0,4.558216644217037,7.620962142944336,False,0.45995521734899275,4.537210755507731,3.7963532437848038,-0.08660776197280962,-0.03429823549763579,0.0
NCR_TRUE,Network-Constrained Prior-Laplacian Ridge,network_constrained_ridge,6,3,seed06_fold03,280,50,82,1.0,0.0,4.371202784675005,7.203455924987793,False,0.23478673022276833,4.443514364323821,3.742790973346673,-0.014040043106699552,0.016645216941723717,0.0
NCR_SHUFFLED,Shuffled-prior Network-Constrained Ridge,network_constrained_ridge,6,3,seed06_fold03,280,50,82,1.0,0.0,4.371202784675033,7.0593178272247314,False,0.23478673022276816,4.443514364323821,3.742790973346673,-0.07633611494538155,-0.06790429485647086,0.17647058823529413
NCR_RANDOM,Random-prior Network-Constrained Ridge,network_constrained_ridge,6,3,seed06_fold03,280,50,82,0.1,10.0,4.2883313029860854,7.0594377517700195,False,0.20151686579387504,4.620129908384412,3.8096114604796574,-0.7566845852254113,-0.5975320032291547,0.0
NCR_TRUE,Network-Constrained Prior-Laplacian Ridge,network_constrained_ridge,6,4,seed06_fold04,280,50,82,0.1,10.0,4.284065378620654,7.015874624252319,False,0.3633340675554441,4.834109933596313,4.187607655457295,-0.9602909810222442,-0.7431717306675211,0.0
NCR_SHUFFLED,Shuffled-prior Network-Constrained Ridge,network_constrained_ridge,6,4,seed06_fold04,280,50,82,1.0,0.0,4.393609322219064,6.877518892288208,False,0.35948314973705514,4.7357854120364475,4.15179744528135,-0.05128174872154725,-0.05238773648925346,0.1111111111111111
NCR_RANDOM,Random-prior Network-Constrained Ridge,network_constrained_ridge,6,4,seed06_fold04,280,50,82,1.0,0.5,4.393005438446482,7.165305137634277,False,0.3503533676299246,4.752761260293263,4.169777246556121,-0.4581753466810717,-0.45075923576673205,0.0
NCR_TRUE,Network-Constrained Prior-Laplacian Ridge,network_constrained_ridge,7,0,seed07_fold00,279,50,83,10.0,5.0,4.518560988200792,7.303746461868286,False,0.394654396508996,4.767211309515295,3.9864423303580145,-0.49188590689384154,-0.5511149926153553,0.0
NCR_SHUFFLED,Shuffled-prior Network-Constrained Ridge,network_constrained_ridge,7,0,seed07_fold00,279,50,83,10.0,0.0,4.5188886060745075,6.9385154247283936,False,0.4071356366950614,4.751712669497084,3.9748053041421767,-0.05210360299269928,-0.05040009882264499,0.1111111111111111
NCR_RANDOM,Random-prior Network-Constrained Ridge,network_constrained_ridge,7,0,seed07_fold00,279,50,83,10.0,0.0,4.518888606074507,7.13525915145874,False,0.4071356366950619,4.751712669497084,3.9748053041421767,-0.12424407689442193,-0.013731595740591244,0.0
NCR_TRUE,Network-Constrained Prior-Laplacian Ridge,network_constrained_ridge,7,1,seed07_fold01,279,50,83,1.0,0.5,4.5420673267692555,6.998551607131958,False,0.3558623206865602,4.421950014793478,3.7416950583146584,-0.6419026229956468,-0.6914681810132561,0.0
NCR_SHUFFLED,Shuffled-prior Network-Constrained Ridge,network_constrained_ridge,7,1,seed07_fold01,279,50,83,0.1,10.0,4.491444102114608,6.9797608852386475,False,0.308192052519731,4.5635248734409,3.8441810849422517,-0.9628493882456677,-0.7460183474262319,0.0
NCR_RANDOM,Random-prior Network-Constrained Ridge,network_constrained_ridge,7,1,seed07_fold01,279,50,83,1.0,0.0,4.542921669953083,6.85878586769104,False,0.3568793096809045,4.417618956246756,3.7418132313961876,-0.01722357738594075,0.05213547072617538,0.05263157894736842
NCR_TRUE,Network-Constrained Prior-Laplacian Ridge,network_constrained_ridge,7,2,seed07_fold02,280,50,82,1.0,1.0,4.846072450232989,6.977569580078125,False,0.318697217523897,4.973143790177454,4.337912469643789,-0.7882883845909109,-0.7288487537131667,0.0
NCR_SHUFFLED,Shuffled-prior Network-Constrained Ridge,network_constrained_ridge,7,2,seed07_fold02,280,50,82,1.0,2.0,4.8362210125826,7.1024861335754395,False,0.32283528144250573,4.966191171808592,4.332347062148222,-0.88716553315779,-0.7479360681899947,0.0
NCR_RANDOM,Random-prior Network-Constrained Ridge,network_constrained_ridge,7,2,seed07_fold02,280,50,82,1.0,0.0,4.847769272838627,6.9923083782196045,False,0.3240572362289418,4.963625676648112,4.323518610258546,-0.12674898883536823,-0.0775458424633837,0.05263157894736842
NCR_TRUE,Network-Constrained Prior-Laplacian Ridge,network_constrained_ridge,7,3,seed07_fold03,280,50,82,1.0,0.0,4.390762955275891,7.101778268814087,False,0.4204313696256257,4.4964746643676925,3.933029438593699,-0.011563873260173118,0.030923247315677544,0.0
NCR_SHUFFLED,Shuffled-prior Network-Constrained Ridge,network_constrained_ridge,7,3,seed07_fold03,280,50,82,1.0,0.0,4.3907629552758936,7.2731359004974365,False,0.42043136962562544,4.496474664367693,3.933029438593699,-0.12674290572356453,-0.10369176098440129,0.0
NCR_RANDOM,Random-prior Network-Constrained Ridge,network_constrained_ridge,7,3,seed07_fold03,280,50,82,1.0,0.0,4.390762955275891,6.962489604949951,False,0.42043136962562566,4.4964746643676925,3.9330294385936977,-0.08321872914788053,-0.043593587821473885,0.0
NCR_TRUE,Network-Constrained Prior-Laplacian Ridge,network_constrained_ridge,7,4,seed07_fold04,280,50,82,0.1,5.0,4.008393528470718,6.9909422397613525,False,0.23997746175067006,4.691608584250251,3.8370953823521066,-0.9649188635644725,-0.7425924191868011,0.0
NCR_SHUFFLED,Shuffled-prior Network-Constrained Ridge,network_constrained_ridge,7,4,seed07_fold04,280,50,82,0.01,0.5,3.989984854153009,7.375978708267212,False,0.24969776990802256,4.783298355486467,3.8087321793913254,-0.9708692262055042,-0.7407645915838396,0.0
NCR_RANDOM,Random-prior Network-Constrained Ridge,network_constrained_ridge,7,4,seed07_fold04,280,50,82,0.1,0.5,4.141344720451281,6.992016553878784,False,0.22482157938988925,4.709101169500183,3.783075174323229,-0.7277500285171785,-0.6045900126859647,0.0
NCR_TRUE,Network-Constrained Prior-Laplacian Ridge,network_constrained_ridge,8,0,seed08_fold00,279,50,83,0.01,0.0,3.767430545404176,7.094884395599365,False,0.20753873895856834,4.807310780043014,3.90024111086423,-0.08465567707525627,-0.06499275525940368,0.0
NCR_SHUFFLED,Shuffled-prior Network-Constrained Ridge,network_constrained_ridge,8,0,seed08_fold00,279,50,83,0.01,0.0,3.7674305454042036,7.031108379364014,False,0.2075387389585707,4.807310780043007,3.9002411108642248,-0.1108421334771508,-0.09039756131477378,0.05263157894736842
NCR_RANDOM,Random-prior Network-Constrained Ridge,network_constrained_ridge,8,0,seed08_fold00,279,50,83,0.01,0.0,3.7674305454041916,7.522611856460571,False,0.2075387389585701,4.80731078004301,3.9002411108642248,-0.0719703326559244,-0.07646945757890286,0.05263157894736842
NCR_TRUE,Network-Constrained Prior-Laplacian Ridge,network_constrained_ridge,8,1,seed08_fold01,279,50,83,0.1,10.0,4.50662161718083,7.058338642120361,False,0.38811337994656125,4.340292020666666,3.692529957637574,-0.9610122883993902,-0.740684686552016,0.0
NCR_SHUFFLED,Shuffled-prior Network-Constrained Ridge,network_constrained_ridge,8,1,seed08_fold01,279,50,83,0.1,0.5,4.546895213026371,7.152145147323608,False,0.3701849470846389,4.398491437330513,3.6919138198192614,-0.9430155242861984,-0.7479959969638623,0.0
NCR_RANDOM,Random-prior Network-Constrained Ridge,network_constrained_ridge,8,1,seed08_fold01,279,50,83,0.1,0.0,4.605926745705247,7.198148250579834,False,0.375136738752423,4.398538534690362,3.7053678450548726,-0.053803278634657954,0.018383116134240575,0.05263157894736842
NCR_TRUE,Network-Constrained Prior-Laplacian Ridge,network_constrained_ridge,8,2,seed08_fold02,280,50,82,0.1,10.0,4.402544726426151,6.977689743041992,False,0.35865131107993015,4.97116388433993,4.209334483861974,-0.9637680080049174,-0.7457986085887173,0.0
NCR_SHUFFLED,Shuffled-prior Network-Constrained Ridge,network_constrained_ridge,8,2,seed08_fold02,280,50,82,0.1,10.0,4.489017859551879,6.9830827713012695,False,0.38200102184820595,4.930721532055597,4.1229094692011135,-0.9711708968683066,-0.7446299974982992,0.0
NCR_RANDOM,Random-prior Network-Constrained Ridge,network_constrained_ridge,8,2,seed08_fold02,280,50,82,0.1,0.0,4.498928541588186,7.005102157592773,False,0.38990508166756255,4.912904444655278,4.096954383330153,-0.028529644687933158,0.027793795409987315,0.0
NCR_TRUE,Network-Constrained Prior-Laplacian Ridge,network_constrained_ridge,8,3,seed08_fold03,280,50,82,1.0,0.0,4.637747351565889,6.9986252784729,False,0.2930979350476639,4.673468314075386,4.08470170424169,-0.023149640398151802,0.04180531383713448,0.0
NCR_SHUFFLED,Shuffled-prior Network-Constrained Ridge,network_constrained_ridge,8,3,seed08_fold03,280,50,82,1.0,0.0,4.637747351565885,6.979299545288086,False,0.2930979350476638,4.673468314075386,4.084701704241689,-0.08371545402294894,-0.11215170622870972,0.1111111111111111
NCR_RANDOM,Random-prior Network-Constrained Ridge,network_constrained_ridge,8,3,seed08_fold03,280,50,82,1.0,0.0,4.637747351565881,8.307500123977661,False,0.2930979350476644,4.673468314075384,4.084701704241689,0.010995936778876586,0.04807596201899051,0.05263157894736842
NCR_TRUE,Network-Constrained Prior-Laplacian Ridge,network_constrained_ridge,8,4,seed08_fold04,280,50,82,0.1,5.0,4.6019876198632454,7.450573921203613,False,0.485879188110279,4.400358277933648,3.550077905797947,-0.9621957490035311,-0.7395660161064876,0.0
NCR_SHUFFLED,Shuffled-prior Network-Constrained Ridge,network_constrained_ridge,8,4,seed08_fold04,280,50,82,0.1,10.0,4.645758280396497,6.981614828109741,False,0.4556734623128609,4.4840208318444725,3.66834205095229,-0.9673168899722436,-0.7455389172352911,0.0
NCR_RANDOM,Random-prior Network-Constrained Ridge,network_constrained_ridge,8,4,seed08_fold04,280,50,82,1.0,0.0,4.678798377334691,6.99528431892395,False,0.5175034770086127,4.398621917332826,3.657726643800927,-0.029826522018680357,0.07433975320032292,0.0
NCR_TRUE,Network-Constrained Prior-Laplacian Ridge,network_constrained_ridge,9,0,seed09_fold00,279,50,83,1.0,10.0,4.5456944016308745,7.1341211795806885,False,0.4270570353627071,4.22111755909485,3.608383908939042,-0.9257039802719826,-0.7416335588049197,0.0
NCR_SHUFFLED,Shuffled-prior Network-Constrained Ridge,network_constrained_ridge,9,0,seed09_fold00,279,50,83,1.0,0.0,4.579706185156771,7.323670387268066,False,0.44504958730559746,4.162333380363918,3.5399542718689503,-0.041453327481628055,-0.009159114272763665,0.1111111111111111
NCR_RANDOM,Random-prior Network-Constrained Ridge,network_constrained_ridge,9,0,seed09_fold00,279,50,83,1.0,0.0,4.579706185156766,7.011364459991455,False,0.4450495873055974,4.162333380363918,3.5399542718689503,-0.08256557149103819,-0.0015838234728789452,0.05263157894736842
NCR_TRUE,Network-Constrained Prior-Laplacian Ridge,network_constrained_ridge,9,1,seed09_fold01,279,50,83,0.1,2.0,4.117252587946787,7.345825672149658,False,0.29399094210595317,5.061074627360021,4.168324257933826,-0.951082486368886,-0.7421329652538162,0.0
NCR_SHUFFLED,Shuffled-prior Network-Constrained Ridge,network_constrained_ridge,9,1,seed09_fold01,279,50,83,1.0,0.0,4.326906119056097,8.126137971878052,False,0.3262122465690674,4.986116809861577,4.140497202282159,-0.20702244567219477,-0.2033732881841629,0.0
NCR_RANDOM,Random-prior Network-Constrained Ridge,network_constrained_ridge,9,1,seed09_fold01,279,50,83,1.0,0.0,4.326906119056104,8.137601375579834,False,0.3262122465690681,4.986116809861576,4.140497202282157,-0.12369669858764168,-0.06502902394956367,0.0
NCR_TRUE,Network-Constrained Prior-Laplacian Ridge,network_constrained_ridge,9,2,seed09_fold02,280,50,82,1.0,0.5,4.216850010628789,7.809202671051025,False,0.28865917542715047,4.52669242267271,3.863831125255637,-0.641157881833539,-0.6532136470277764,0.0
NCR_SHUFFLED,Shuffled-prior Network-Constrained Ridge,network_constrained_ridge,9,2,seed09_fold02,280,50,82,1.0,2.0,4.208462813786104,7.6834938526153564,False,0.2822162039051466,4.540885142728983,3.8713993427362996,-0.8796973788935442,-0.7451943267855524,0.0
NCR_RANDOM,Random-prior Network-Constrained Ridge,network_constrained_ridge,9,2,seed09_fold02,280,50,82,1.0,0.0,4.2169099110390125,8.322361707687378,False,0.29980089568980506,4.509336973463776,3.848272318616817,-0.02552484105217049,0.03656633221850613,0.05263157894736842
NCR_TRUE,Network-Constrained Prior-Laplacian Ridge,network_constrained_ridge,9,3,seed09_fold03,280,50,82,0.1,0.0,4.764406880089883,8.069226741790771,False,0.4117954463523439,4.2281681155372866,3.5333673434350676,-0.03437748729681525,-0.010297760976247917,0.0
NCR_SHUFFLED,Shuffled-prior Network-Constrained Ridge,network_constrained_ridge,9,3,seed09_fold03,280,50,82,0.1,0.5,4.731674090511001,7.789783477783203,False,0.3782022207580119,4.310084645515304,3.588522877572533,-0.9426390061429101,-0.7464977776171725,0.0
NCR_RANDOM,Random-prior Network-Constrained Ridge,network_constrained_ridge,9,3,seed09_fold03,280,50,82,0.1,0.0,4.764406880089883,7.836797714233398,False,0.41179544635234333,4.2281681155372866,3.533367343435069,0.03633598451992839,0.05870141852150849,0.1111111111111111
NCR_TRUE,Network-Constrained Prior-Laplacian Ridge,network_constrained_ridge,9,4,seed09_fold04,280,50,82,0.1,10.0,4.442318398286687,8.26860237121582,False,0.2872543299495924,5.088616323341606,4.244815528667791,-0.9656404583602078,-0.741563641902074,0.0
NCR_SHUFFLED,Shuffled-prior Network-Constrained Ridge,network_constrained_ridge,9,4,seed09_fold04,280,50,82,0.1,0.0,4.464658540714395,8.041179180145264,False,0.3866030971841959,4.860117349198237,3.9256496054300976,-0.06737577817437056,-0.028591019199330416,0.05263157894736842
NCR_RANDOM,Random-prior Network-Constrained Ridge,network_constrained_ridge,9,4,seed09_fold04,280,50,82,0.1,0.0,4.464658540714408,7.5386528968811035,False,0.38660309718419555,4.860117349198239,3.925649605430098,-0.05692511860676141,-0.04137162188136701,0.05263157894736842
