subject,fc_ok,fc_msg,sc_ok,sc_msg,status
177140,True,ok,True,ok,ok
177241,True,ok,True,ok,ok
177342,True,ok,True,ok,ok
177645,True,ok,True,ok,ok
177746,True,ok,True,ok,ok
178142,True,ok,True,ok,ok
178243,True,ok,True,ok,ok
178647,True,ok,True,ok,ok
178748,True,ok,True,ok,ok
178849,True,ok,True,ok,ok
178950,True,ok,True,ok,ok
179245,True,ok,True,ok,ok
179548,False,missing,True,ok,fail
179952,True,ok,True,ok,ok
180432,True,ok,True,ok,ok
180533,True,ok,True,ok,ok
180735,True,ok,True,ok,ok
180836,True,ok,True,ok,ok
180937,True,ok,True,ok,ok
181131,True,ok,True,ok,ok
181232,True,ok,True,ok,ok
181636,True,ok,True,ok,ok
182032,True,ok,True,ok,ok
182436,True,ok,True,ok,ok
182739,True,ok,True,ok,ok
182840,True,ok,True,ok,ok
183034,True,ok,True,ok,ok
183337,True,ok,True,ok,ok
183741,True,ok,True,ok,ok
185038,True,ok,True,ok,ok
185139,True,ok,True,ok,ok
185341,True,ok,True,ok,ok
185442,True,ok,True,ok,ok
185846,True,ok,True,ok,ok
185947,True,ok,True,ok,ok
186040,True,ok,True,ok,ok
186141,True,ok,True,ok,ok
186444,True,ok,True,ok,ok
186545,True,ok,True,ok,ok
186848,True,ok,True,ok,ok
187143,True,ok,True,ok,ok
187345,True,ok,True,ok,ok
187547,True,ok,True,ok,ok
187850,True,ok,True,ok,ok
188145,True,ok,True,ok,ok
188347,True,ok,True,ok,ok
188448,True,ok,True,ok,ok
188549,True,ok,True,ok,ok
188751,True,ok,True,ok,ok
189349,True,ok,True,ok,ok
189450,True,ok,True,ok,ok
189652,True,ok,True,ok,ok
190031,True,ok,True,ok,ok
191033,True,ok,True,ok,ok
191235,True,ok,True,ok,ok
191336,True,ok,True,ok,ok
191437,True,ok,True,ok,ok
191841,True,ok,True,ok,ok
191942,True,ok,True,ok,ok
192035,True,ok,True,ok,ok
192136,True,ok,True,ok,ok
192237,True,ok,True,ok,ok
192439,True,ok,True,ok,ok
192540,True,ok,True,ok,ok
192641,True,ok,True,ok,ok
192843,True,ok,True,ok,ok
193239,True,ok,True,ok,ok
193441,True,ok,True,ok,ok
193845,True,ok,True,ok,ok
194140,True,ok,True,ok,ok
194443,True,ok,True,ok,ok
194645,True,ok,True,ok,ok
194746,True,ok,True,ok,ok
194847,True,ok,True,ok,ok
195041,True,ok,True,ok,ok
195445,True,ok,True,ok,ok
195647,True,ok,True,ok,ok
195849,True,ok,True,ok,ok
195950,True,ok,True,ok,ok
196144,True,ok,True,ok,ok
196346,True,ok,True,ok,ok
196750,True,ok,True,ok,ok
196851,True,ok,True,ok,ok
196952,True,ok,True,ok,ok
197348,True,ok,True,ok,ok
197550,True,ok,True,ok,ok
197651,True,ok,True,ok,ok
198047,True,ok,True,ok,ok
198249,True,ok,True,ok,ok
198350,True,ok,True,ok,ok
198451,True,ok,True,ok,ok
198653,True,ok,True,ok,ok
198855,True,ok,True,ok,ok
199150,True,ok,True,ok,ok
199251,True,ok,True,ok,ok
199352,True,ok,True,ok,ok
199453,True,ok,True,ok,ok
