method_id,method_name,method_family,seed,fold,split_id,n_train,n_val,n_test,best_alpha,best_gamma,best_kernel,gate_mode,best_val_rmse,parameters,runtime_seconds,device,group_aware,pearson,rmse,mae,prior_alignment_pearson,prior_alignment_spearman,prior_alignment_top10_jaccard
M3_E0,Two-Stage Biomarker-Guided KRR (no-prior biomarker),two_stage_kernel_ridge,0,0,seed00_fold00,279,50,83,0.01,0.0001,rbf,product,4.45477556188056,330,0.6729249954223633,cuda,False,0.3708223029796621,4.7827840679797164,3.9810419832146304,-0.367698647461074,-0.3679277130955929,0.0
M3_TRUE,Two-Stage Biomarker-Guided KRR (true edge-prior biomarker),two_stage_kernel_ridge,0,0,seed00_fold00,279,50,83,0.01,1e-05,rbf,product,4.810135138593247,330,0.7823729515075684,cuda,False,0.39196931203586816,4.67288045052078,4.034778121322319,0.5684538852635296,0.5537119061496175,0.3333333333333333
M3_SHUFFLED,Two-Stage Biomarker-Guided KRR (shuffled edge-prior biomarker),two_stage_kernel_ridge,0,0,seed00_fold00,279,50,83,0.01,1e-05,rbf,product,4.345064390528514,330,0.6705899238586426,cuda,False,0.3976736719575672,4.679224237642744,3.889705328540917,-0.4376849709812659,-0.40956822280459154,0.0
M3_RANDOM,Two-Stage Biomarker-Guided KRR (random edge-prior biomarker),two_stage_kernel_ridge,0,0,seed00_fold00,279,50,83,0.01,0.0001,rbf,product,4.304271029507558,330,0.6650857925415039,cuda,False,0.379309732949231,4.752383476658773,3.964647549841403,-0.2455475762273183,-0.2556811196415929,0.0
M3_E0,Two-Stage Biomarker-Guided KRR (no-prior biomarker),two_stage_kernel_ridge,0,1,seed00_fold01,279,50,83,0.01,0.001,rbf,product,4.5703269077744215,330,0.6690957546234131,cuda,False,0.384355336486843,4.7590625897070264,3.9665953674627885,-0.06727629313309264,-0.08744107513730591,0.0
M3_TRUE,Two-Stage Biomarker-Guided KRR (true edge-prior biomarker),two_stage_kernel_ridge,0,1,seed00_fold01,279,50,83,0.1,0.001,rbf,product,4.546929416356048,330,0.6688737869262695,cuda,False,0.39942858400985515,4.663854737684747,3.975497344829727,0.6781914411494678,0.6750427029090468,0.17647058823529413
M3_SHUFFLED,Two-Stage Biomarker-Guided KRR (shuffled edge-prior biomarker),two_stage_kernel_ridge,0,1,seed00_fold01,279,50,83,0.1,0.0001,rbf,product,4.472086146007524,330,0.6826491355895996,cuda,False,0.42801574413255883,4.603877263593307,3.783501652942495,-0.3708447361142574,-0.3332888818001247,0.0
M3_RANDOM,Two-Stage Biomarker-Guided KRR (random edge-prior biomarker),two_stage_kernel_ridge,0,1,seed00_fold01,279,50,83,0.01,1e-05,rbf,product,4.590245064435579,330,0.7041687965393066,cuda,False,0.47108021826497926,4.5711366460897835,3.8091695229421907,0.03688185389835389,0.1264497128606194,0.0
M3_E0,Two-Stage Biomarker-Guided KRR (no-prior biomarker),two_stage_kernel_ridge,0,2,seed00_fold02,280,50,82,0.1,1e-05,rbf,product,4.883145593744612,331,0.673553466796875,cuda,False,0.27102122931685935,4.547035334976538,3.9292218462340625,-0.48992455357447634,-0.48050890887035375,0.0
M3_TRUE,Two-Stage Biomarker-Guided KRR (true edge-prior biomarker),two_stage_kernel_ridge,0,2,seed00_fold02,280,50,82,1.0,0.001,rbf,product,4.977104537720314,331,0.6785688400268555,cuda,False,0.24496522413753352,4.581456830145143,3.8918339730309577,0.7223465684465882,0.6829982476399697,0.3333333333333333
M3_SHUFFLED,Two-Stage Biomarker-Guided KRR (shuffled edge-prior biomarker),two_stage_kernel_ridge,0,2,seed00_fold02,280,50,82,1.0,0.0001,rbf,product,4.931203366066386,331,0.6822454929351807,cuda,False,0.25936584849755073,4.570327749748378,3.9707508669151066,-0.48372875374577884,-0.48288108950261266,0.0
M3_RANDOM,Two-Stage Biomarker-Guided KRR (random edge-prior biomarker),two_stage_kernel_ridge,0,2,seed00_fold02,280,50,82,1.0,0.01,rbf,product,4.897898912358661,331,0.6820714473724365,cuda,False,0.23109547096026548,4.600545470761915,3.913589973576562,0.12894772736860743,0.040367023264312275,0.1111111111111111
M3_E0,Two-Stage Biomarker-Guided KRR (no-prior biomarker),two_stage_kernel_ridge,0,3,seed00_fold03,280,50,82,0.01,1e-05,rbf,product,3.854685302792774,331,0.6742699146270752,cuda,False,0.49472231293757335,4.5132299159155975,3.6415807906405746,-0.5856890611904603,-0.570686731347613,0.0
M3_TRUE,Two-Stage Biomarker-Guided KRR (true edge-prior biomarker),two_stage_kernel_ridge,0,3,seed00_fold03,280,50,82,0.01,1e-05,rbf,product,4.187682632312699,331,0.673513650894165,cuda,False,0.32926579591691735,4.869995293031921,4.120222237969626,0.7447346239807153,0.6939951776446729,0.25
M3_SHUFFLED,Two-Stage Biomarker-Guided KRR (shuffled edge-prior biomarker),two_stage_kernel_ridge,0,3,seed00_fold03,280,50,82,0.01,0.0001,rbf,product,3.8946657941837795,331,0.6795504093170166,cuda,False,0.45256896993723617,4.601438501028975,3.7833972219879732,-0.5683900768136113,-0.5643992041560048,0.0
M3_RANDOM,Two-Stage Biomarker-Guided KRR (random edge-prior biomarker),two_stage_kernel_ridge,0,3,seed00_fold03,280,50,82,0.01,0.001,rbf,product,4.07304701312903,331,0.6819717884063721,cuda,False,0.4465335491533988,4.643981137328475,3.737575814162591,-0.1090624140458075,-0.14704024074862626,0.0
M3_E0,Two-Stage Biomarker-Guided KRR (no-prior biomarker),two_stage_kernel_ridge,0,4,seed00_fold04,280,50,82,0.01,0.0001,rbf,product,4.33119241503103,331,0.847672700881958,cuda,False,0.2666872956446515,4.506466840374893,3.6143581912362612,-0.40492138669108513,-0.43121249829977026,0.0
M3_TRUE,Two-Stage Biomarker-Guided KRR (true edge-prior biomarker),two_stage_kernel_ridge,0,4,seed00_fold04,280,50,82,0.01,0.0001,rbf,product,4.527148812491471,331,0.6762468814849854,cuda,False,0.2447395324200419,4.644359030063827,3.8756161483229548,0.7471775064282763,0.7100111424607869,0.3333333333333333
M3_SHUFFLED,Two-Stage Biomarker-Guided KRR (shuffled edge-prior biomarker),two_stage_kernel_ridge,0,4,seed00_fold04,280,50,82,0.01,0.0001,rbf,product,4.351637447008107,331,0.6845400333404541,cuda,False,0.2569015426338162,4.519348729684731,3.6284726975779282,-0.4886039369758756,-0.48627705335510946,0.0
M3_RANDOM,Two-Stage Biomarker-Guided KRR (random edge-prior biomarker),two_stage_kernel_ridge,0,4,seed00_fold04,280,50,82,0.1,0.001,rbf,product,4.360478925638399,331,0.6867921352386475,cuda,False,0.27684610057322656,4.366840970250782,3.705291823132971,0.18297474519246004,0.21662753533787868,0.0
M3_E0,Two-Stage Biomarker-Guided KRR (no-prior biomarker),two_stage_kernel_ridge,1,0,seed01_fold00,279,50,83,0.01,0.0001,rbf,product,4.703462321305062,330,0.8346672058105469,cuda,False,0.45005408066522606,4.595484996641781,3.684766772217789,-0.3577250364076555,-0.3810770848950405,0.0
M3_TRUE,Two-Stage Biomarker-Guided KRR (true edge-prior biomarker),two_stage_kernel_ridge,1,0,seed01_fold00,279,50,83,0.1,0.0001,rbf,product,4.985079700036723,330,0.7053709030151367,cuda,False,0.4079682185627121,4.676622299980917,4.020691117248747,0.7686996137502513,0.7079585819558217,0.42857142857142855
M3_SHUFFLED,Two-Stage Biomarker-Guided KRR (shuffled edge-prior biomarker),two_stage_kernel_ridge,1,0,seed01_fold00,279,50,83,0.01,0.0001,rbf,product,4.728590466898584,330,0.7669463157653809,cuda,False,0.4331867854817602,4.636438980865689,3.78990773455812,-0.3493741280313498,-0.31903582174861567,0.0
M3_RANDOM,Two-Stage Biomarker-Guided KRR (random edge-prior biomarker),two_stage_kernel_ridge,1,0,seed01_fold00,279,50,83,0.01,0.0001,rbf,product,4.642311238956095,330,0.9541506767272949,cuda,False,0.4399015453899312,4.659893811511996,3.7140746670638234,-0.14380826763413534,-0.17481722743625522,0.0
M3_E0,Two-Stage Biomarker-Guided KRR (no-prior biomarker),two_stage_kernel_ridge,1,1,seed01_fold01,279,50,83,0.1,0.0001,rbf,product,4.348800203523999,330,0.6664226055145264,cuda,False,0.32522838089355,4.563215372848856,3.9011728442426525,-0.3518205546131913,-0.35727037947613954,0.0
M3_TRUE,Two-Stage Biomarker-Guided KRR (true edge-prior biomarker),two_stage_kernel_ridge,1,1,seed01_fold01,279,50,83,0.01,1e-05,rbf,product,4.359292072557639,330,0.6695191860198975,cuda,False,0.14399126909541887,4.824035259123369,4.1935353341294075,0.7471994426844947,0.6796622125613403,0.5384615384615384
M3_SHUFFLED,Two-Stage Biomarker-Guided KRR (shuffled edge-prior biomarker),two_stage_kernel_ridge,1,1,seed01_fold01,279,50,83,0.1,0.0001,rbf,product,4.43411015725722,330,0.6661663055419922,cuda,False,0.3529891853805066,4.509459947923881,3.8751852431521594,-0.5232544708401858,-0.526773922296135,0.0
M3_RANDOM,Two-Stage Biomarker-Guided KRR (random edge-prior biomarker),two_stage_kernel_ridge,1,1,seed01_fold01,279,50,83,0.1,0.001,rbf,product,4.421146370813957,330,0.6719579696655273,cuda,False,0.25561981521204563,4.685996153859366,4.006324197672605,0.04979924079430768,0.04713897471135018,0.0
M3_E0,Two-Stage Biomarker-Guided KRR (no-prior biomarker),two_stage_kernel_ridge,1,2,seed01_fold02,280,50,82,0.1,0.0001,rbf,product,4.8588223624985405,331,0.6624329090118408,cuda,False,0.31258316800441055,4.664253624860518,3.812667988203372,-0.5290184244936031,-0.5334559805823714,0.0
M3_TRUE,Two-Stage Biomarker-Guided KRR (true edge-prior biomarker),two_stage_kernel_ridge,1,2,seed01_fold02,280,50,82,0.01,1e-05,rbf,product,4.872487600813644,331,0.6585137844085693,cuda,False,0.3442753793233787,4.5830846404278365,3.7977324102195755,0.7198840282023773,0.6645052268373285,0.42857142857142855
M3_SHUFFLED,Two-Stage Biomarker-Guided KRR (shuffled edge-prior biomarker),two_stage_kernel_ridge,1,2,seed01_fold02,280,50,82,0.1,0.0001,rbf,product,4.882614471266497,331,0.6527688503265381,cuda,False,0.2967500470433513,4.697993704878309,3.8568863170579,-0.517924635565316,-0.5195225406581563,0.0
M3_RANDOM,Two-Stage Biomarker-Guided KRR (random edge-prior biomarker),two_stage_kernel_ridge,1,2,seed01_fold02,280,50,82,0.1,1e-05,rbf,product,4.883124069411838,331,0.6555373668670654,cuda,False,0.31057448175987545,4.641932049284307,3.8986427861132857,-0.4657712559431791,-0.46772410377860074,0.0
M3_E0,Two-Stage Biomarker-Guided KRR (no-prior biomarker),two_stage_kernel_ridge,1,3,seed01_fold03,280,50,82,0.01,1e-05,rbf,product,4.409036047331887,331,0.658087968826294,cuda,False,0.3384146745968615,4.771946211063182,4.009847991867637,-0.3718235178514541,-0.36612485581507626,0.0
M3_TRUE,Two-Stage Biomarker-Guided KRR (true edge-prior biomarker),two_stage_kernel_ridge,1,3,seed01_fold03,280,50,82,0.01,1e-05,rbf,product,4.575143404994641,331,0.666210412979126,cuda,False,0.38683534440533845,4.7155218219761466,3.980220012407611,0.7542833056025031,0.712178566448998,0.42857142857142855
M3_SHUFFLED,Two-Stage Biomarker-Guided KRR (shuffled edge-prior biomarker),two_stage_kernel_ridge,1,3,seed01_fold03,280,50,82,0.1,0.0001,rbf,product,4.449303543927395,331,0.6631648540496826,cuda,False,0.33807002962267624,4.7687110494331915,4.026092602639766,-0.4212259940604269,-0.41393802923243683,0.0
M3_RANDOM,Two-Stage Biomarker-Guided KRR (random edge-prior biomarker),two_stage_kernel_ridge,1,3,seed01_fold03,280,50,82,0.01,1e-05,rbf,product,4.305416116473319,331,0.6550004482269287,cuda,False,0.36674692912421836,4.77594259310714,3.9497159468499574,0.02105802317418764,0.055988456985797956,0.05263157894736842
M3_E0,Two-Stage Biomarker-Guided KRR (no-prior biomarker),two_stage_kernel_ridge,1,4,seed01_fold04,280,50,82,0.1,0.0001,rbf,product,4.551683446140023,331,0.665245771408081,cuda,False,0.1670725784108198,4.734676721772677,3.9700838016374473,-0.33007935505482344,-0.3283247816980924,0.0
M3_TRUE,Two-Stage Biomarker-Guided KRR (true edge-prior biomarker),two_stage_kernel_ridge,1,4,seed01_fold04,280,50,82,0.01,1e-05,rbf,product,4.47311999906456,331,0.6902034282684326,cuda,False,0.14956846810103938,4.729145165720366,4.092532868999214,0.7389703061604282,0.6960727084720827,0.42857142857142855
M3_SHUFFLED,Two-Stage Biomarker-Guided KRR (shuffled edge-prior biomarker),two_stage_kernel_ridge,1,4,seed01_fold04,280,50,82,0.1,0.0001,rbf,product,4.597195681915088,331,0.6874997615814209,cuda,False,0.25821395516830936,4.571889400537954,3.8241864610147194,-0.386862223813241,-0.3751840887980606,0.0
M3_RANDOM,Two-Stage Biomarker-Guided KRR (random edge-prior biomarker),two_stage_kernel_ridge,1,4,seed01_fold04,280,50,82,0.01,1e-05,rbf,product,4.573027745890481,331,0.7834861278533936,cuda,False,0.18347797962213047,4.625356128514709,3.9550591812405322,-0.07024878549157329,-0.08573310508207953,0.0
M3_E0,Two-Stage Biomarker-Guided KRR (no-prior biomarker),two_stage_kernel_ridge,2,0,seed02_fold00,279,50,83,0.1,0.001,rbf,product,4.712053629378763,330,0.8189020156860352,cuda,False,0.2879154134890234,4.6416040356647414,3.8248125525965624,0.3023564946598886,0.30514732840480124,0.17647058823529413
M3_TRUE,Two-Stage Biomarker-Guided KRR (true edge-prior biomarker),two_stage_kernel_ridge,2,0,seed02_fold00,279,50,83,1.0,0.001,rbf,product,4.659745903136519,330,0.6787972450256348,cuda,False,0.4002104517453742,4.5151192674781955,3.7513030050441256,0.7335909283168118,0.6789180969524845,0.3333333333333333
M3_SHUFFLED,Two-Stage Biomarker-Guided KRR (shuffled edge-prior biomarker),two_stage_kernel_ridge,2,0,seed02_fold00,279,50,83,1.0,0.0001,rbf,product,4.698683900244665,330,0.6782691478729248,cuda,False,0.44169023568296906,4.49080482024193,3.7181515875346896,-0.3351030847307207,-0.36034672320134253,0.0
M3_RANDOM,Two-Stage Biomarker-Guided KRR (random edge-prior biomarker),two_stage_kernel_ridge,2,0,seed02_fold00,279,50,83,1.0,0.001,rbf,product,4.621146028137897,330,0.6674466133117676,cuda,False,0.42531015345465684,4.470705623366558,3.687246019434896,-0.16288223088216713,-0.16721626128404896,0.0
M3_E0,Two-Stage Biomarker-Guided KRR (no-prior biomarker),two_stage_kernel_ridge,2,1,seed02_fold01,279,50,83,0.01,1e-05,rbf,product,4.582808371964295,330,0.6715948581695557,cuda,False,0.3706616237610161,4.502720599196387,3.979436003456244,0.15551056645099057,0.2017701934832048,0.25
M3_TRUE,Two-Stage Biomarker-Guided KRR (true edge-prior biomarker),two_stage_kernel_ridge,2,1,seed02_fold01,279,50,83,0.01,1e-05,rbf,product,4.651916097549234,330,0.6976742744445801,cuda,False,0.22684921206698053,4.7517131412101214,4.21061257249301,0.7575225142109212,0.6944646197066356,0.42857142857142855
M3_SHUFFLED,Two-Stage Biomarker-Guided KRR (shuffled edge-prior biomarker),two_stage_kernel_ridge,2,1,seed02_fold01,279,50,83,0.01,1e-05,rbf,product,4.462232827810763,330,0.8033542633056641,cuda,False,0.4311898466617875,4.3583911344492705,3.7844232027207303,-0.37702135451673685,-0.3564313766419932,0.0
M3_RANDOM,Two-Stage Biomarker-Guided KRR (random edge-prior biomarker),two_stage_kernel_ridge,2,1,seed02_fold01,279,50,83,0.01,0.0001,rbf,product,4.54953639524034,330,0.755047082901001,cuda,False,0.29693985903946796,4.776080079669141,4.078703270685599,0.025620657265101834,0.08196258639291018,0.0
M3_E0,Two-Stage Biomarker-Guided KRR (no-prior biomarker),two_stage_kernel_ridge,2,2,seed02_fold02,280,50,82,0.01,1e-05,rbf,product,4.110533413595447,331,0.6547129154205322,cuda,False,0.3588824489262088,4.966390962820812,4.104668414907006,-0.5218090881093249,-0.5248911599837948,0.0
M3_TRUE,Two-Stage Biomarker-Guided KRR (true edge-prior biomarker),two_stage_kernel_ridge,2,2,seed02_fold02,280,50,82,0.01,0.0001,rbf,product,3.964620920723901,331,0.654329776763916,cuda,False,0.20335727342480936,5.453074766349343,4.516575875566852,0.7341368084891673,0.6711573207366313,0.5384615384615384
M3_SHUFFLED,Two-Stage Biomarker-Guided KRR (shuffled edge-prior biomarker),two_stage_kernel_ridge,2,2,seed02_fold02,280,50,82,0.01,1e-05,rbf,product,4.043599494220133,331,0.8412802219390869,cuda,False,0.3625481797021076,4.951573815998553,4.100276411855222,-0.5000181983999928,-0.5125757969540046,0.0
M3_RANDOM,Two-Stage Biomarker-Guided KRR (random edge-prior biomarker),two_stage_kernel_ridge,2,2,seed02_fold02,280,50,82,0.01,0.0001,rbf,product,4.114974138918853,331,0.6626448631286621,cuda,False,0.2652493003144777,5.187887795219595,4.240350665653367,-0.05274030504828567,-0.08518375798829327,0.0
M3_E0,Two-Stage Biomarker-Guided KRR (no-prior biomarker),two_stage_kernel_ridge,2,3,seed02_fold03,280,50,82,10.0,0.0001,rbf,product,4.724695515373921,331,0.6734814643859863,cuda,False,0.31856640991052,4.634404330278259,3.9623652428320497,-0.45669051919598,-0.48754055167081795,0.0
M3_TRUE,Two-Stage Biomarker-Guided KRR (true edge-prior biomarker),two_stage_kernel_ridge,2,3,seed02_fold03,280,50,82,100.0,0.001,rbf,product,4.731742367577487,331,0.6843459606170654,cuda,False,0.1916078994686104,4.696710266297389,4.031474051006937,0.7670086069064648,0.6955033851203405,0.42857142857142855
M3_SHUFFLED,Two-Stage Biomarker-Guided KRR (shuffled edge-prior biomarker),two_stage_kernel_ridge,2,3,seed02_fold03,280,50,82,1.0,1e-05,rbf,product,4.724904966650411,331,0.680293083190918,cuda,False,0.3742871408991122,4.626019416937236,3.9630848689208844,-0.4609686254486136,-0.4683233915172767,0.0
M3_RANDOM,Two-Stage Biomarker-Guided KRR (random edge-prior biomarker),two_stage_kernel_ridge,2,3,seed02_fold03,280,50,82,1.0,0.0001,rbf,product,4.718133590830314,331,0.7874476909637451,cuda,False,0.35450872317184423,4.564423995729264,3.908513882826102,-0.04628059896042323,-0.0307534491230527,0.05263157894736842
M3_E0,Two-Stage Biomarker-Guided KRR (no-prior biomarker),two_stage_kernel_ridge,2,4,seed02_fold04,280,50,82,0.01,0.0001,rbf,product,4.622072325817146,331,0.6784489154815674,cuda,False,0.3457191411106864,4.5752711595631,3.639016833917068,-0.5503752585716896,-0.5516193931287408,0.0
M3_TRUE,Two-Stage Biomarker-Guided KRR (true edge-prior biomarker),two_stage_kernel_ridge,2,4,seed02_fold04,280,50,82,0.1,1e-05,rbf,product,4.906595785394009,331,0.6629543304443359,cuda,False,0.294597443417671,4.595543382159277,3.794168898718168,0.7402389523370584,0.6841768468593656,0.42857142857142855
M3_SHUFFLED,Two-Stage Biomarker-Guided KRR (shuffled edge-prior biomarker),two_stage_kernel_ridge,2,4,seed02_fold04,280,50,82,0.01,0.0001,rbf,product,4.557039376431863,331,0.7414093017578125,cuda,False,0.3743172802339478,4.494757360401433,3.552008399269036,-0.5314066265611925,-0.5290012750582138,0.0
M3_RANDOM,Two-Stage Biomarker-Guided KRR (random edge-prior biomarker),two_stage_kernel_ridge,2,4,seed02_fold04,280,50,82,0.01,0.001,rbf,product,4.535251364213253,331,0.7079963684082031,cuda,False,0.320853543817184,4.599625470091881,3.7494370580202716,0.019182630966454346,0.01344901566878547,0.0
M3_E0,Two-Stage Biomarker-Guided KRR (no-prior biomarker),two_stage_kernel_ridge,3,0,seed03_fold00,279,50,83,0.1,1e-05,rbf,product,4.911088081178723,330,0.6929786205291748,cuda,False,0.4478587493834094,4.583186947048352,3.9007600310908983,-0.2782334580711716,-0.2755724785011445,0.0
M3_TRUE,Two-Stage Biomarker-Guided KRR (true edge-prior biomarker),two_stage_kernel_ridge,3,0,seed03_fold00,279,50,83,1.0,0.001,rbf,product,4.917243309423252,330,0.6733810901641846,cuda,False,0.4097501571617586,4.650454370273179,3.959192747040111,0.7396862555905066,0.6814600757773681,0.42857142857142855
M3_SHUFFLED,Two-Stage Biomarker-Guided KRR (shuffled edge-prior biomarker),two_stage_kernel_ridge,3,0,seed03_fold00,279,50,83,0.01,0.001,rbf,product,4.8984048654791845,330,0.6775927543640137,cuda,False,0.3985033760013172,4.673842733273402,3.9268350709928,-0.47208736127392514,-0.45762111131742256,0.0
M3_RANDOM,Two-Stage Biomarker-Guided KRR (random edge-prior biomarker),two_stage_kernel_ridge,3,0,seed03_fold00,279,50,83,0.01,0.001,rbf,product,4.897628909545855,330,0.6723673343658447,cuda,False,0.3609080986273957,4.727554250773963,3.971283770943028,-0.346232972830323,-0.33973122499089087,0.0
M3_E0,Two-Stage Biomarker-Guided KRR (no-prior biomarker),two_stage_kernel_ridge,3,1,seed03_fold01,279,50,83,0.01,1e-05,rbf,product,4.396853926949781,330,0.7488150596618652,cuda,False,0.23227696781378737,4.863099931142344,4.100220131489141,-0.4888470116836442,-0.4997660215398067,0.0
M3_TRUE,Two-Stage Biomarker-Guided KRR (true edge-prior biomarker),two_stage_kernel_ridge,3,1,seed03_fold01,279,50,83,0.01,1e-05,rbf,product,4.3778180547389836,330,0.6705493927001953,cuda,False,0.19067936201637425,4.796653671245528,4.095683296904064,0.755648513720895,0.6789230910169735,0.42857142857142855
M3_SHUFFLED,Two-Stage Biomarker-Guided KRR (shuffled edge-prior biomarker),two_stage_kernel_ridge,3,1,seed03_fold01,279,50,83,0.01,1e-05,rbf,product,4.4007903210805726,330,0.6757247447967529,cuda,False,0.2261573610693023,4.8482240690266885,4.076323941825878,-0.46002670340389606,-0.4619509652293561,0.0
M3_RANDOM,Two-Stage Biomarker-Guided KRR (random edge-prior biomarker),two_stage_kernel_ridge,3,1,seed03_fold01,279,50,83,0.01,1e-05,rbf,product,4.519859292798131,330,0.7199070453643799,cuda,False,0.288536594345284,4.660004689970418,3.979029051540769,0.13919699013701312,0.18189381681712008,0.05263157894736842
M3_E0,Two-Stage Biomarker-Guided KRR (no-prior biomarker),two_stage_kernel_ridge,3,2,seed03_fold02,280,50,82,0.01,0.001,rbf,product,4.634146261426188,331,0.6735949516296387,cuda,False,0.43298287045792716,4.517176033924132,3.73426830051699,-0.4373884441378345,-0.5150129004246199,0.0
M3_TRUE,Two-Stage Biomarker-Guided KRR (true edge-prior biomarker),two_stage_kernel_ridge,3,2,seed03_fold02,280,50,82,1.0,0.001,rbf,product,4.6736864207362325,331,0.6741733551025391,cuda,False,0.2941981732766148,4.75716535472495,4.021975675127891,0.7485498362338638,0.6832242937794899,0.42857142857142855
M3_SHUFFLED,Two-Stage Biomarker-Guided KRR (shuffled edge-prior biomarker),two_stage_kernel_ridge,3,2,seed03_fold02,280,50,82,0.01,0.0001,rbf,product,4.511539414305795,331,0.7369711399078369,cuda,False,0.4111782208020137,4.6115168242401525,3.6329790508564574,-0.4362792930899932,-0.4498004063277018,0.0
M3_RANDOM,Two-Stage Biomarker-Guided KRR (random edge-prior biomarker),two_stage_kernel_ridge,3,2,seed03_fold02,280,50,82,0.01,0.001,rbf,product,4.548188262316115,331,0.6691224575042725,cuda,False,0.3849745934164585,4.612080110276643,3.7147241698743834,-0.2127582962805357,-0.2509916930864538,0.0
M3_E0,Two-Stage Biomarker-Guided KRR (no-prior biomarker),two_stage_kernel_ridge,3,3,seed03_fold03,280,50,82,0.1,1e-05,rbf,product,5.0086269948835485,331,0.6651942729949951,cuda,False,0.5030250526644361,4.679522110697865,3.8759253237345686,-0.3957589628764212,-0.39212395554463325,0.0
M3_TRUE,Two-Stage Biomarker-Guided KRR (true edge-prior biomarker),two_stage_kernel_ridge,3,3,seed03_fold03,280,50,82,0.01,1e-05,rbf,product,4.995257710631609,331,0.6802897453308105,cuda,False,0.4579825353850059,4.6576149354985645,3.902070869918738,0.7488292428078499,0.7127778541876741,0.3333333333333333
M3_SHUFFLED,Two-Stage Biomarker-Guided KRR (shuffled edge-prior biomarker),two_stage_kernel_ridge,3,3,seed03_fold03,280,50,82,0.1,1e-05,rbf,product,4.908645858151879,331,0.6813194751739502,cuda,False,0.496322133798907,4.661791092974588,3.8714588453296095,-0.49060793340715614,-0.5018735167541504,0.0
M3_RANDOM,Two-Stage Biomarker-Guided KRR (random edge-prior biomarker),two_stage_kernel_ridge,3,3,seed03_fold03,280,50,82,0.1,1e-05,rbf,product,5.043226742554807,331,0.6695334911346436,cuda,False,0.4728779928198451,4.8105148097585175,4.015590647594092,-0.23140031368646288,-0.26002595574699333,0.0
M3_E0,Two-Stage Biomarker-Guided KRR (no-prior biomarker),two_stage_kernel_ridge,3,4,seed03_fold04,280,50,82,0.1,1e-05,rbf,product,4.530305941978319,331,0.7106618881225586,cuda,False,0.34405023632840875,4.264164553146767,3.6561633989289337,-0.29532915894449163,-0.31325768913488206,0.0
M3_TRUE,Two-Stage Biomarker-Guided KRR (true edge-prior biomarker),two_stage_kernel_ridge,3,4,seed03_fold04,280,50,82,0.01,1e-05,rbf,product,4.608500651397903,331,0.6820669174194336,cuda,False,0.3175470740602097,4.308334034128065,3.654173687225994,0.7760542607861705,0.7099612018158971,0.3333333333333333
M3_SHUFFLED,Two-Stage Biomarker-Guided KRR (shuffled edge-prior biomarker),two_stage_kernel_ridge,3,4,seed03_fold04,280,50,82,0.1,1e-05,rbf,product,4.5418957884299,331,0.6621389389038086,cuda,False,0.32519558941932797,4.291819975925862,3.692442163501633,-0.4542297308261386,-0.42650808955116426,0.0
M3_RANDOM,Two-Stage Biomarker-Guided KRR (random edge-prior biomarker),two_stage_kernel_ridge,3,4,seed03_fold04,280,50,82,0.01,1e-05,rbf,product,4.5332126183589585,331,0.7298448085784912,cuda,False,0.33558504968288866,4.269440009828147,3.629514512524668,0.145246800995442,0.1520243171086144,0.0
M3_E0,Two-Stage Biomarker-Guided KRR (no-prior biomarker),two_stage_kernel_ridge,4,0,seed04_fold00,279,50,83,0.01,1e-05,rbf,product,4.404220948064342,330,0.6801745891571045,cuda,False,0.20107304196956483,4.944179673773587,4.221969646249876,-0.6377128430876822,-0.6289275114179348,0.0
M3_TRUE,Two-Stage Biomarker-Guided KRR (true edge-prior biomarker),two_stage_kernel_ridge,4,0,seed04_fold00,279,50,83,0.01,0.0001,rbf,product,4.534507015107771,330,0.6780352592468262,cuda,False,0.14697149960925712,5.0649231784795505,4.243694542501693,0.7241583167924862,0.6978256251077098,0.42857142857142855
M3_SHUFFLED,Two-Stage Biomarker-Guided KRR (shuffled edge-prior biomarker),two_stage_kernel_ridge,4,0,seed04_fold00,279,50,83,0.01,1e-05,rbf,product,4.408761224956897,330,0.6798877716064453,cuda,False,0.16252640293092716,5.079046215791693,4.249546155659382,-0.5192651173690153,-0.5259948482358562,0.0
M3_RANDOM,Two-Stage Biomarker-Guided KRR (random edge-prior biomarker),two_stage_kernel_ridge,4,0,seed04_fold00,279,50,83,0.01,1e-05,rbf,product,4.572780719036139,330,0.7102615833282471,cuda,False,0.22482995173169074,4.758123668779394,4.073987086436206,0.1221758007729338,0.13615817422716933,0.1111111111111111
M3_E0,Two-Stage Biomarker-Guided KRR (no-prior biomarker),two_stage_kernel_ridge,4,1,seed04_fold01,279,50,83,0.1,0.0001,rbf,product,4.283734062036587,330,0.6775920391082764,cuda,False,0.28481624622509016,4.6239706400143845,3.918932824765083,-0.5140052320830915,-0.49772844322830856,0.0
M3_TRUE,Two-Stage Biomarker-Guided KRR (true edge-prior biomarker),two_stage_kernel_ridge,4,1,seed04_fold01,279,50,83,0.01,0.0001,rbf,product,4.228839778524058,330,0.7583022117614746,cuda,False,0.30440359940748224,4.723194856513737,3.9449397575019933,0.7517240657037376,0.6939652132577391,0.5384615384615384
M3_SHUFFLED,Two-Stage Biomarker-Guided KRR (shuffled edge-prior biomarker),two_stage_kernel_ridge,4,1,seed04_fold01,279,50,83,0.01,0.0001,rbf,product,4.094148805859095,330,0.6734883785247803,cuda,False,0.28132080648939395,4.709779001916533,3.9200280708623017,-0.4362517761107758,-0.4321763527461407,0.0
M3_RANDOM,Two-Stage Biomarker-Guided KRR (random edge-prior biomarker),two_stage_kernel_ridge,4,1,seed04_fold01,279,50,83,0.1,0.001,rbf,product,4.364713610227424,330,0.7111713886260986,cuda,False,0.3235793914584106,4.523704366767816,3.8230144494390865,-0.035811151747867045,-0.00434483610540043,0.0
M3_E0,Two-Stage Biomarker-Guided KRR (no-prior biomarker),two_stage_kernel_ridge,4,2,seed04_fold02,280,50,82,0.01,1e-05,rbf,product,4.010787461513637,331,0.8395507335662842,cuda,False,0.5335409371546677,4.440562711080586,3.7140063332644204,-0.48476765620764145,-0.45060944477491427,0.0
M3_TRUE,Two-Stage Biomarker-Guided KRR (true edge-prior biomarker),two_stage_kernel_ridge,4,2,seed04_fold02,280,50,82,0.01,1e-05,rbf,product,4.241895578206801,331,0.6716437339782715,cuda,False,0.4283740068695651,4.7616519962403085,3.940905714058788,0.7362634432053892,0.694854156736775,0.42857142857142855
M3_SHUFFLED,Two-Stage Biomarker-Guided KRR (shuffled edge-prior biomarker),two_stage_kernel_ridge,4,2,seed04_fold02,280,50,82,0.01,1e-05,rbf,product,4.036578508518394,331,0.6673002243041992,cuda,False,0.5041072939248807,4.532305128996825,3.7737912234288444,-0.4814310279947163,-0.5019933743018856,0.0
M3_RANDOM,Two-Stage Biomarker-Guided KRR (random edge-prior biomarker),two_stage_kernel_ridge,4,2,seed04_fold02,280,50,82,0.1,0.001,rbf,product,4.161182167833691,331,0.6680169105529785,cuda,False,0.5186313423673602,4.518334627753667,3.742273583089696,-0.19952945843262665,-0.23117025112974773,0.0
M3_E0,Two-Stage Biomarker-Guided KRR (no-prior biomarker),two_stage_kernel_ridge,4,3,seed04_fold03,280,50,82,0.1,1e-05,rbf,product,4.828200062671037,331,0.7871880531311035,cuda,False,0.4528614560490957,4.648115661811276,3.8890883625570214,-0.3736571738994031,-0.39728781822622417,0.0
M3_TRUE,Two-Stage Biomarker-Guided KRR (true edge-prior biomarker),two_stage_kernel_ridge,4,3,seed04_fold03,280,50,82,0.1,1e-05,rbf,product,4.855055781664894,331,0.6839256286621094,cuda,False,0.37000409983448723,4.778066720188978,3.9933248499038987,0.626125987120276,0.5871671441612009,0.25
M3_SHUFFLED,Two-Stage Biomarker-Guided KRR (shuffled edge-prior biomarker),two_stage_kernel_ridge,4,3,seed04_fold03,280,50,82,0.1,1e-05,rbf,product,4.8185589696370155,331,0.721200704574585,cuda,False,0.4738062325076574,4.622343020029886,3.887953239336271,-0.46281308158302575,-0.4652969884369633,0.0
M3_RANDOM,Two-Stage Biomarker-Guided KRR (random edge-prior biomarker),two_stage_kernel_ridge,4,3,seed04_fold03,280,50,82,0.1,1e-05,rbf,product,4.819006720713977,331,0.696617841720581,cuda,False,0.4806591226083426,4.626970286365297,3.909100766862842,-0.20930769350199024,-0.23505563330216325,0.0
M3_E0,Two-Stage Biomarker-Guided KRR (no-prior biomarker),two_stage_kernel_ridge,4,4,seed04_fold04,280,50,82,0.1,1e-05,rbf,product,4.783577722186036,331,0.6871159076690674,cuda,False,0.3863543475626464,4.333945089147267,3.6071698399000316,-0.5303821733094197,-0.5212255166488936,0.0
M3_TRUE,Two-Stage Biomarker-Guided KRR (true edge-prior biomarker),two_stage_kernel_ridge,4,4,seed04_fold04,280,50,82,0.01,0.0001,rbf,product,4.6680671820066815,331,0.8010609149932861,cuda,False,0.15196709403359482,4.948075820026178,4.208643842991131,0.7687856963627282,0.6988893608438596,0.5384615384615384
M3_SHUFFLED,Two-Stage Biomarker-Guided KRR (shuffled edge-prior biomarker),two_stage_kernel_ridge,4,4,seed04_fold04,280,50,82,0.1,1e-05,rbf,product,4.781035485614217,331,0.6930134296417236,cuda,False,0.3748112473077706,4.349658394144251,3.627512902152616,-0.5247867905387927,-0.5206462051681736,0.0
M3_RANDOM,Two-Stage Biomarker-Guided KRR (random edge-prior biomarker),two_stage_kernel_ridge,4,4,seed04_fold04,280,50,82,0.1,0.0001,rbf,product,4.834683433195847,331,0.9474403858184814,cuda,False,0.389173146985502,4.304579595546014,3.513907587462765,-0.22741494347885446,-0.24311605338735442,0.0
M3_E0,Two-Stage Biomarker-Guided KRR (no-prior biomarker),two_stage_kernel_ridge,5,0,seed05_fold00,279,50,83,0.01,1e-05,rbf,product,4.704859238112376,330,0.667034387588501,cuda,False,0.37271873256791305,4.430262779836307,3.6052188507152643,0.13633223635424105,0.10960473333933707,0.17647058823529413
M3_TRUE,Two-Stage Biomarker-Guided KRR (true edge-prior biomarker),two_stage_kernel_ridge,5,0,seed05_fold00,279,50,83,0.01,1e-05,rbf,product,4.713750092438492,330,0.6653017997741699,cuda,False,0.31368663890714643,4.568837691176166,3.6792921659796534,0.741230466261438,0.6923721066857588,0.42857142857142855
M3_SHUFFLED,Two-Stage Biomarker-Guided KRR (shuffled edge-prior biomarker),two_stage_kernel_ridge,5,0,seed05_fold00,279,50,83,0.1,1e-05,rbf,product,4.827560146301817,330,0.6717836856842041,cuda,False,0.39376974867866854,4.48502335261309,3.675078102034757,-0.1941537601959119,-0.19051357212507541,0.0
M3_RANDOM,Two-Stage Biomarker-Guided KRR (random edge-prior biomarker),two_stage_kernel_ridge,5,0,seed05_fold00,279,50,83,0.01,1e-05,rbf,product,4.721040095243471,330,0.6877057552337646,cuda,False,0.38947280275203344,4.409079975654533,3.5919827629618695,-0.08464803051067203,-0.08928887899822333,0.05263157894736842
M3_E0,Two-Stage Biomarker-Guided KRR (no-prior biomarker),two_stage_kernel_ridge,5,1,seed05_fold01,279,50,83,0.1,0.0001,rbf,product,4.789574494783132,330,0.6749565601348877,cuda,False,0.5044476186089666,4.356431436220911,3.7674848697434626,-0.44998363855115875,-0.43569217414637273,0.0
M3_TRUE,Two-Stage Biomarker-Guided KRR (true edge-prior biomarker),two_stage_kernel_ridge,5,1,seed05_fold01,279,50,83,1.0,0.001,rbf,product,4.9190986734720985,330,0.6566503047943115,cuda,False,0.3797429277378054,4.680962422110283,4.05404866946449,0.7307731915349716,0.6747929996845986,0.42857142857142855
M3_SHUFFLED,Two-Stage Biomarker-Guided KRR (shuffled edge-prior biomarker),two_stage_kernel_ridge,5,1,seed05_fold01,279,50,83,0.1,0.0001,rbf,product,4.818152666667941,330,0.6639132499694824,cuda,False,0.4927371659134816,4.3809447801311245,3.7833441777161867,-0.43904095436584684,-0.4418997963061575,0.0
M3_RANDOM,Two-Stage Biomarker-Guided KRR (random edge-prior biomarker),two_stage_kernel_ridge,5,1,seed05_fold01,279,50,83,0.1,1e-05,rbf,product,4.882737093266647,330,0.6558489799499512,cuda,False,0.4900891226244871,4.636491032158256,4.033684107935385,-0.1901072050985465,-0.20510622856183408,0.0
M3_E0,Two-Stage Biomarker-Guided KRR (no-prior biomarker),two_stage_kernel_ridge,5,2,seed05_fold02,280,50,82,0.1,1e-05,rbf,product,4.779792771551128,331,0.649163007736206,cuda,False,0.2858499274297759,4.678861224502467,3.839685095322962,-0.47015074692249864,-0.46085726510627256,0.0
M3_TRUE,Two-Stage Biomarker-Guided KRR (true edge-prior biomarker),two_stage_kernel_ridge,5,2,seed05_fold02,280,50,82,0.1,0.0001,rbf,product,4.847979986959437,331,0.6463255882263184,cuda,False,0.31288303393480277,4.6428730621486185,3.82561906545265,0.7054612264319773,0.6505018700102678,0.42857142857142855
M3_SHUFFLED,Two-Stage Biomarker-Guided KRR (shuffled edge-prior biomarker),two_stage_kernel_ridge,5,2,seed05_fold02,280,50,82,0.1,1e-05,rbf,product,4.790206262603755,331,0.6496458053588867,cuda,False,0.25605882516370065,4.724650845048626,3.8708644580899314,-0.471558156036082,-0.4706955721495355,0.0
M3_RANDOM,Two-Stage Biomarker-Guided KRR (random edge-prior biomarker),two_stage_kernel_ridge,5,2,seed05_fold02,280,50,82,0.01,1e-05,rbf,product,4.753548859192805,331,0.657402753829956,cuda,False,0.28372454920843015,4.669160541736275,3.88568858976514,0.12193621491199994,0.14965213647635553,0.0
M3_E0,Two-Stage Biomarker-Guided KRR (no-prior biomarker),two_stage_kernel_ridge,5,3,seed05_fold03,280,50,82,0.01,1e-05,rbf,product,4.4369954261655415,331,0.6674900054931641,cuda,False,0.26590305006130005,4.753407902975826,3.8527750344336282,-0.6048790400095525,-0.6174761215447355,0.0
M3_TRUE,Two-Stage Biomarker-Guided KRR (true edge-prior biomarker),two_stage_kernel_ridge,5,3,seed05_fold03,280,50,82,0.01,1e-05,rbf,product,4.859917922930445,331,0.8778955936431885,cuda,False,0.28525945244716466,4.605435640051203,3.9826983037266803,0.7560602043058761,0.7079935404072446,0.5384615384615384
M3_SHUFFLED,Two-Stage Biomarker-Guided KRR (shuffled edge-prior biomarker),two_stage_kernel_ridge,5,3,seed05_fold03,280,50,82,0.01,1e-05,rbf,product,4.437732573246088,331,0.6615216732025146,cuda,False,0.27197441566389396,4.738579949584076,3.8463550931511934,-0.492475406539356,-0.5083807827832731,0.0
M3_RANDOM,Two-Stage Biomarker-Guided KRR (random edge-prior biomarker),two_stage_kernel_ridge,5,3,seed05_fold03,280,50,82,0.01,1e-05,rbf,product,4.761072589723203,331,0.6487855911254883,cuda,False,0.2856105408015339,4.610174171787377,3.934904944481487,0.2421910964552603,0.21903467442156027,0.0
M3_E0,Two-Stage Biomarker-Guided KRR (no-prior biomarker),two_stage_kernel_ridge,5,4,seed05_fold04,280,50,82,0.01,1e-05,rbf,product,3.75958612081161,331,0.6556763648986816,cuda,False,0.35487221615658526,4.787366179883134,3.9773130372446284,-0.708685860435358,-0.6661282977962425,0.0
M3_TRUE,Two-Stage Biomarker-Guided KRR (true edge-prior biomarker),two_stage_kernel_ridge,5,4,seed05_fold04,280,50,82,0.01,0.0001,rbf,product,3.7806988152193606,331,0.6864738464355469,cuda,False,0.19612385910810437,5.184433070838985,4.266569258588452,0.7780675277814979,0.7006272952860196,0.42857142857142855
M3_SHUFFLED,Two-Stage Biomarker-Guided KRR (shuffled edge-prior biomarker),two_stage_kernel_ridge,5,4,seed05_fold04,280,50,82,0.01,0.0001,rbf,product,3.832746090272798,331,0.658855676651001,cuda,False,0.357267011253598,4.780800126529671,3.976659206889315,-0.27286016197787455,-0.2471312812364831,0.0
M3_RANDOM,Two-Stage Biomarker-Guided KRR (random edge-prior biomarker),two_stage_kernel_ridge,5,4,seed05_fold04,280,50,82,0.1,0.001,rbf,product,4.30149318780481,331,0.6459989547729492,cuda,False,0.31152683761359035,4.883593164333703,4.042698213240186,-0.09896436463272425,0.006462319448722019,0.0
M3_E0,Two-Stage Biomarker-Guided KRR (no-prior biomarker),two_stage_kernel_ridge,6,0,seed06_fold00,279,50,83,0.1,0.0001,rbf,product,4.599103028063439,330,0.6545467376708984,cuda,False,0.4593767446363538,4.258516855620023,3.4642278016060537,-0.3501704869768686,-0.3473222030141192,0.0
M3_TRUE,Two-Stage Biomarker-Guided KRR (true edge-prior biomarker),two_stage_kernel_ridge,6,0,seed06_fold00,279,50,83,0.1,0.0001,rbf,product,4.808000408894835,330,0.650043249130249,cuda,False,0.3678193251398582,4.439192953006981,3.567874628741625,0.6954614739391489,0.6705730151914222,0.42857142857142855
M3_SHUFFLED,Two-Stage Biomarker-Guided KRR (shuffled edge-prior biomarker),two_stage_kernel_ridge,6,0,seed06_fold00,279,50,83,0.1,0.0001,rbf,product,4.524634709606282,330,0.650352954864502,cuda,False,0.47385672793222916,4.225095554622244,3.442605481965695,-0.4198481019896125,-0.3982816370595284,0.0
M3_RANDOM,Two-Stage Biomarker-Guided KRR (random edge-prior biomarker),two_stage_kernel_ridge,6,0,seed06_fold00,279,50,83,0.1,0.0001,rbf,product,4.5854177800924,330,0.6509435176849365,cuda,False,0.4659496768510351,4.2457707921273675,3.446138712317039,-0.2973379749836463,-0.30915256812495195,0.0
M3_E0,Two-Stage Biomarker-Guided KRR (no-prior biomarker),two_stage_kernel_ridge,6,1,seed06_fold01,279,50,83,0.1,0.001,rbf,product,4.824954567076165,330,0.649634838104248,cuda,False,0.45025025114839295,4.695803094493054,3.928400462989267,-0.5295108580230147,-0.5289463403488351,0.0
M3_TRUE,Two-Stage Biomarker-Guided KRR (true edge-prior biomarker),two_stage_kernel_ridge,6,1,seed06_fold01,279,50,83,0.01,0.01,rbf,product,4.871369849474706,330,0.6511433124542236,cuda,False,-0.17033140611561398,5.049827197090226,4.294836373064709,0.6286993399678251,0.6160028725204906,0.42857142857142855
M3_SHUFFLED,Two-Stage Biomarker-Guided KRR (shuffled edge-prior biomarker),two_stage_kernel_ridge,6,1,seed06_fold01,279,50,83,0.1,0.001,rbf,product,4.815792887520523,330,0.6539440155029297,cuda,False,0.43033347882546547,4.727392195347942,3.9542849333786463,-0.534315599146836,-0.5431294834974986,0.0
M3_RANDOM,Two-Stage Biomarker-Guided KRR (random edge-prior biomarker),two_stage_kernel_ridge,6,1,seed06_fold01,279,50,83,0.01,0.001,rbf,product,4.782912054520244,330,0.6493167877197266,cuda,False,0.41728675111155594,4.725785032083384,3.9452333273297593,-0.41742778715890627,-0.40083360401339,0.0
M3_E0,Two-Stage Biomarker-Guided KRR (no-prior biomarker),two_stage_kernel_ridge,6,2,seed06_fold02,280,50,82,0.01,1e-05,rbf,product,4.528991685619355,331,0.6800761222839355,cuda,False,0.47021356154799837,4.497581111528406,3.8138273723828617,-0.5385956091106279,-0.5668063432396865,0.0
M3_TRUE,Two-Stage Biomarker-Guided KRR (true edge-prior biomarker),two_stage_kernel_ridge,6,2,seed06_fold02,280,50,82,0.01,1e-05,rbf,product,4.74461834299485,331,0.6350936889648438,cuda,False,0.4419433511016414,4.560715982274308,3.8741174925985566,0.7194169403243894,0.6729402017591922,0.25
M3_SHUFFLED,Two-Stage Biomarker-Guided KRR (shuffled edge-prior biomarker),two_stage_kernel_ridge,6,2,seed06_fold02,280,50,82,0.1,0.0001,rbf,product,4.570394954515565,331,0.6528079509735107,cuda,False,0.48357506867479016,4.4544231465818775,3.793941466886371,-0.4300288389700063,-0.40049900169262925,0.0
M3_RANDOM,Two-Stage Biomarker-Guided KRR (random edge-prior biomarker),two_stage_kernel_ridge,6,2,seed06_fold02,280,50,82,0.01,1e-05,rbf,product,4.5202078283954,331,0.6419010162353516,cuda,False,0.4504258149238396,4.5553297665733155,3.893679584819519,-0.11523173661464343,-0.14955724925106512,0.0
M3_E0,Two-Stage Biomarker-Guided KRR (no-prior biomarker),two_stage_kernel_ridge,6,3,seed06_fold03,280,50,82,0.1,0.0001,rbf,product,4.424671901945587,331,0.6374413967132568,cuda,False,0.11660960584567548,4.6935342974228,3.8417089476049986,-0.15373841463882998,-0.2029937392830015,0.0
M3_TRUE,Two-Stage Biomarker-Guided KRR (true edge-prior biomarker),two_stage_kernel_ridge,6,3,seed06_fold03,280,50,82,0.01,0.0001,rbf,product,4.288702447729298,331,0.6416928768157959,cuda,False,0.15752827274954898,4.816185688748577,3.863064389255009,0.7440159243402463,0.6927017149420307,0.5384615384615384
M3_SHUFFLED,Two-Stage Biomarker-Guided KRR (shuffled edge-prior biomarker),two_stage_kernel_ridge,6,3,seed06_fold03,280,50,82,0.01,1e-05,rbf,product,4.367399295608324,331,0.6382219791412354,cuda,False,0.11951200183641808,4.71459679017357,3.9084178609844966,-0.3680157186067437,-0.3652658767229741,0.0
M3_RANDOM,Two-Stage Biomarker-Guided KRR (random edge-prior biomarker),two_stage_kernel_ridge,6,3,seed06_fold03,280,50,82,0.01,1e-05,rbf,product,4.540366787218502,331,0.663383960723877,cuda,False,0.12308944429160143,4.587157349994702,3.853952211897491,0.04933881679001824,0.11628679162557358,0.0
M3_E0,Two-Stage Biomarker-Guided KRR (no-prior biomarker),two_stage_kernel_ridge,6,4,seed06_fold04,280,50,82,0.1,1e-05,rbf,product,4.433804042861716,331,0.6649141311645508,cuda,False,0.31562627588144476,4.807937508471161,4.227915729446457,-0.45185809241945735,-0.44678898544085527,0.0
M3_TRUE,Two-Stage Biomarker-Guided KRR (true edge-prior biomarker),two_stage_kernel_ridge,6,4,seed06_fold04,280,50,82,0.1,0.001,rbf,product,4.34602657993844,331,0.6461367607116699,cuda,False,0.28568823317322156,4.851736866488401,4.220027097490621,0.7123490799379738,0.6848560396298651,0.5384615384615384
M3_SHUFFLED,Two-Stage Biomarker-Guided KRR (shuffled edge-prior biomarker),two_stage_kernel_ridge,6,4,seed06_fold04,280,50,82,0.1,0.001,rbf,product,4.438390375336554,331,0.657459020614624,cuda,False,0.36642035722934796,4.706984959175287,4.116689920261251,-0.3993642536689775,-0.4055979415358636,0.0
M3_RANDOM,Two-Stage Biomarker-Guided KRR (random edge-prior biomarker),two_stage_kernel_ridge,6,4,seed06_fold04,280,50,82,0.1,1e-05,rbf,product,4.451457607185372,331,0.6530594825744629,cuda,False,0.33954119079126377,4.7859946897809715,4.221611691299783,-0.37771420385903876,-0.39157960251533597,0.0
M3_E0,Two-Stage Biomarker-Guided KRR (no-prior biomarker),two_stage_kernel_ridge,7,0,seed07_fold00,279,50,83,1.0,1e-05,rbf,product,4.524932210912214,330,0.6560046672821045,cuda,False,0.39288987363465916,4.826878012580827,4.044938229239998,-0.5295409843474157,-0.5277477648714833,0.0
M3_TRUE,Two-Stage Biomarker-Guided KRR (true edge-prior biomarker),two_stage_kernel_ridge,7,0,seed07_fold00,279,50,83,0.1,1e-05,rbf,product,4.51080651055285,330,0.7537856101989746,cuda,False,0.2578368973510421,4.84677612311129,4.03997209671,0.7601303190730524,0.7083231486635163,0.42857142857142855
M3_SHUFFLED,Two-Stage Biomarker-Guided KRR (shuffled edge-prior biomarker),two_stage_kernel_ridge,7,0,seed07_fold00,279,50,83,1.0,1e-05,rbf,product,4.524133998421142,330,0.6624457836151123,cuda,False,0.39772442956666154,4.846580133841763,4.060490384252118,-0.5633117786792101,-0.5925157872288834,0.0
M3_RANDOM,Two-Stage Biomarker-Guided KRR (random edge-prior biomarker),two_stage_kernel_ridge,7,0,seed07_fold00,279,50,83,0.1,1e-05,rbf,product,4.5241298986626,330,0.6578900814056396,cuda,False,0.3859757085039588,4.701874433540642,3.947657877466462,-0.30650670386079343,-0.32998780517291815,0.0
M3_E0,Two-Stage Biomarker-Guided KRR (no-prior biomarker),two_stage_kernel_ridge,7,1,seed07_fold01,279,50,83,0.01,0.001,rbf,product,4.551818699615013,330,0.65614914894104,cuda,False,0.36929656488562546,4.402014168124696,3.660591563419382,-0.24466836707408499,-0.24982807606052476,0.1111111111111111
M3_TRUE,Two-Stage Biomarker-Guided KRR (true edge-prior biomarker),two_stage_kernel_ridge,7,1,seed07_fold01,279,50,83,1.0,0.001,rbf,product,4.5525895962768566,330,0.6615934371948242,cuda,False,0.2516507694507797,4.572894762959266,3.872885607328385,0.7399752046202022,0.6638110518733623,0.42857142857142855
M3_SHUFFLED,Two-Stage Biomarker-Guided KRR (shuffled edge-prior biomarker),two_stage_kernel_ridge,7,1,seed07_fold01,279,50,83,0.01,0.001,rbf,product,4.53277762189909,330,0.6545822620391846,cuda,False,0.34602827330369934,4.443253080521981,3.7224442939447435,-0.33746481514627197,-0.3510028285424872,0.0
M3_RANDOM,Two-Stage Biomarker-Guided KRR (random edge-prior biomarker),two_stage_kernel_ridge,7,1,seed07_fold01,279,50,83,1.0,0.001,rbf,product,4.6242693181046635,330,0.6646246910095215,cuda,False,0.3731043313713187,4.428640635865969,3.7146644789955805,0.027396766525436433,-0.02552965766759425,0.05263157894736842
M3_E0,Two-Stage Biomarker-Guided KRR (no-prior biomarker),two_stage_kernel_ridge,7,2,seed07_fold02,280,50,82,0.1,1e-05,rbf,product,4.752166967786692,331,0.6525940895080566,cuda,False,0.23939927333575461,5.09471491095982,4.434121229944061,-0.5120058543956847,-0.49460215885821585,0.0
M3_TRUE,Two-Stage Biomarker-Guided KRR (true edge-prior biomarker),two_stage_kernel_ridge,7,2,seed07_fold02,280,50,82,0.1,1e-05,rbf,product,4.870254974161838,331,0.6564984321594238,cuda,False,0.17497058299379578,5.165728507305013,4.5144168174979,0.7213114773834743,0.6741587534944999,0.42857142857142855
M3_SHUFFLED,Two-Stage Biomarker-Guided KRR (shuffled edge-prior biomarker),two_stage_kernel_ridge,7,2,seed07_fold02,280,50,82,0.1,1e-05,rbf,product,4.753376647556911,331,0.6449565887451172,cuda,False,0.23668855900194172,5.09791251716048,4.442410331540006,-0.5158722954743367,-0.4946221351161717,0.0
M3_RANDOM,Two-Stage Biomarker-Guided KRR (random edge-prior biomarker),two_stage_kernel_ridge,7,2,seed07_fold02,280,50,82,0.1,1e-05,rbf,product,4.763093739729445,331,0.6548192501068115,cuda,False,0.23723570629736898,5.097343450219239,4.439421836031005,-0.45702655430552197,-0.4398522298656815,0.0
M3_E0,Two-Stage Biomarker-Guided KRR (no-prior biomarker),two_stage_kernel_ridge,7,3,seed07_fold03,280,50,82,0.1,1e-05,rbf,product,4.481047036220581,331,0.6403834819793701,cuda,False,0.41798391762946313,4.563289561186153,3.9960995555535663,-0.2976429832291826,-0.2979408933472233,0.0
M3_TRUE,Two-Stage Biomarker-Guided KRR (true edge-prior biomarker),two_stage_kernel_ridge,7,3,seed07_fold03,280,50,82,0.01,1e-05,rbf,product,4.416358848185413,331,0.6492094993591309,cuda,False,0.29180532253696545,4.720308348346298,4.126196965419327,0.7482715201825658,0.6954784147978957,0.5384615384615384
M3_SHUFFLED,Two-Stage Biomarker-Guided KRR (shuffled edge-prior biomarker),two_stage_kernel_ridge,7,3,seed07_fold03,280,50,82,0.1,0.0001,rbf,product,4.4281144187487005,331,0.6451780796051025,cuda,False,0.4107619511105115,4.488217964066879,3.8558224029162926,-0.2503847878755151,-0.24545826963267947,0.0
M3_RANDOM,Two-Stage Biomarker-Guided KRR (random edge-prior biomarker),two_stage_kernel_ridge,7,3,seed07_fold03,280,50,82,0.1,0.001,rbf,product,4.475277705868364,331,0.6760649681091309,cuda,False,0.3534995055748213,4.609409615383378,3.9379455982681475,0.025691091503614934,0.03077598156831234,0.0
M3_E0,Two-Stage Biomarker-Guided KRR (no-prior biomarker),two_stage_kernel_ridge,7,4,seed07_fold04,280,50,82,0.01,1e-05,rbf,product,4.302306736762356,331,0.6443397998809814,cuda,False,0.235778963166563,4.667230756506406,3.7458359239282153,-0.5077330887699355,-0.5453818065820222,0.0
M3_TRUE,Two-Stage Biomarker-Guided KRR (true edge-prior biomarker),two_stage_kernel_ridge,7,4,seed07_fold04,280,50,82,0.01,1e-05,rbf,product,4.420518938432955,331,0.6574954986572266,cuda,False,0.31808432539330883,4.36795055364878,3.5461327825241464,0.7649549824603427,0.7006372834149976,0.42857142857142855
M3_SHUFFLED,Two-Stage Biomarker-Guided KRR (shuffled edge-prior biomarker),two_stage_kernel_ridge,7,4,seed07_fold04,280,50,82,0.01,1e-05,rbf,product,4.276225174003763,331,0.6669952869415283,cuda,False,0.21946421193880639,4.666955147175258,3.6923387769691933,-0.18865788782697018,-0.20079635090785644,0.0
M3_RANDOM,Two-Stage Biomarker-Guided KRR (random edge-prior biomarker),two_stage_kernel_ridge,7,4,seed07_fold04,280,50,82,0.01,0.0001,rbf,product,4.121196442126426,331,0.6591768264770508,cuda,False,0.26606977107780083,4.617146375375363,3.750702699975943,-0.13310169680222173,-0.14721003894125112,0.0
M3_E0,Two-Stage Biomarker-Guided KRR (no-prior biomarker),two_stage_kernel_ridge,8,0,seed08_fold00,279,50,83,0.01,1e-05,rbf,product,4.131758214328412,330,0.6968512535095215,cuda,False,0.18824761476084584,4.719279368262784,3.8240726132169445,-0.2746133515000536,-0.3438663103877547,0.0
M3_TRUE,Two-Stage Biomarker-Guided KRR (true edge-prior biomarker),two_stage_kernel_ridge,8,0,seed08_fold00,279,50,83,0.01,0.0001,rbf,product,4.237042954217635,330,0.654414176940918,cuda,False,0.10655308721046695,5.155538027470489,4.089240751750381,0.7644676148928413,0.6997483399359617,0.5384615384615384
M3_SHUFFLED,Two-Stage Biomarker-Guided KRR (shuffled edge-prior biomarker),two_stage_kernel_ridge,8,0,seed08_fold00,279,50,83,0.01,1e-05,rbf,product,3.819384688454541,330,0.6572368144989014,cuda,False,0.20615904468835128,4.697176798879838,3.8422296241576017,-0.4807039915208755,-0.49361333408940056,0.0
M3_RANDOM,Two-Stage Biomarker-Guided KRR (random edge-prior biomarker),two_stage_kernel_ridge,8,0,seed08_fold00,279,50,83,0.01,0.0001,rbf,product,4.050420726854837,330,0.7112386226654053,cuda,False,0.19151849696477263,4.796418459368379,3.9610053743456874,0.046517488661685084,0.04404265472819126,0.05263157894736842
M3_E0,Two-Stage Biomarker-Guided KRR (no-prior biomarker),two_stage_kernel_ridge,8,1,seed08_fold01,279,50,83,0.01,0.0001,rbf,product,4.453530332352227,330,0.678699254989624,cuda,False,0.41099540591010264,4.265769812385382,3.4579733870578786,-0.42556524605949786,-0.4185924973361532,0.0
M3_TRUE,Two-Stage Biomarker-Guided KRR (true edge-prior biomarker),two_stage_kernel_ridge,8,1,seed08_fold01,279,50,83,0.01,1e-05,rbf,product,4.637206572359523,330,0.6689586639404297,cuda,False,0.27390644120709606,4.492754367674525,3.8799337303742867,0.7667423670868454,0.7059909205471692,0.42857142857142855
M3_SHUFFLED,Two-Stage Biomarker-Guided KRR (shuffled edge-prior biomarker),two_stage_kernel_ridge,8,1,seed08_fold01,279,50,83,0.01,0.001,rbf,product,4.530603965182853,330,0.8795139789581299,cuda,False,0.33897412638858315,4.343219228408161,3.6446174010392545,-0.11959609438291503,-0.09393835303745067,0.0
M3_RANDOM,Two-Stage Biomarker-Guided KRR (random edge-prior biomarker),two_stage_kernel_ridge,8,1,seed08_fold01,279,50,83,0.01,0.001,rbf,product,4.288420129775351,330,0.8069329261779785,cuda,False,0.36420115001406617,4.350933253975822,3.5805752171934997,-0.1294083772246995,-0.1526036285893344,0.0
M3_E0,Two-Stage Biomarker-Guided KRR (no-prior biomarker),two_stage_kernel_ridge,8,2,seed08_fold02,280,50,82,0.1,1e-05,rbf,product,4.540000893122926,331,0.6436471939086914,cuda,False,0.36387796879398515,5.0251925361792855,4.275095658127199,-0.5202934254157531,-0.5234229050240388,0.0
M3_TRUE,Two-Stage Biomarker-Guided KRR (true edge-prior biomarker),two_stage_kernel_ridge,8,2,seed08_fold02,280,50,82,0.01,1e-05,rbf,product,4.615522789885681,331,0.6566169261932373,cuda,False,0.35647213683187906,4.995095471755736,4.227205920746006,0.6295933876758656,0.6031181861389583,0.42857142857142855
M3_SHUFFLED,Two-Stage Biomarker-Guided KRR (shuffled edge-prior biomarker),two_stage_kernel_ridge,8,2,seed08_fold02,280,50,82,0.1,1e-05,rbf,product,4.56157273499134,331,0.6399645805358887,cuda,False,0.3439612548480485,5.06061678217689,4.308797927884076,-0.4457094239532996,-0.4364412838197177,0.0
M3_RANDOM,Two-Stage Biomarker-Guided KRR (random edge-prior biomarker),two_stage_kernel_ridge,8,2,seed08_fold02,280,50,82,0.01,0.001,rbf,product,4.54103593725883,331,0.6414859294891357,cuda,False,0.3586016259659366,5.02782769248311,4.2544794214244845,-0.2874056297293297,-0.30430333150616595,0.0
M3_E0,Two-Stage Biomarker-Guided KRR (no-prior biomarker),two_stage_kernel_ridge,8,3,seed08_fold03,280,50,82,0.1,0.0001,rbf,product,4.597458373986075,331,0.6545307636260986,cuda,False,0.27670348147481016,4.748201990276821,4.094123948956285,-0.3994284106836269,-0.39790708222285587,0.0
M3_TRUE,Two-Stage Biomarker-Guided KRR (true edge-prior biomarker),two_stage_kernel_ridge,8,3,seed08_fold03,280,50,82,0.1,1e-05,rbf,product,4.7556209930069215,331,0.6610333919525146,cuda,False,0.2964986993769626,4.72536605856154,4.089519598179166,0.7243421225433543,0.671062433511341,0.42857142857142855
M3_SHUFFLED,Two-Stage Biomarker-Guided KRR (shuffled edge-prior biomarker),two_stage_kernel_ridge,8,3,seed08_fold03,280,50,82,0.1,0.0001,rbf,product,4.51104835442738,331,0.6511192321777344,cuda,False,0.2714763632298256,4.762637619238489,4.086974239689366,-0.4767835938982895,-0.44942085742654037,0.0
M3_RANDOM,Two-Stage Biomarker-Guided KRR (random edge-prior biomarker),two_stage_kernel_ridge,8,3,seed08_fold03,280,50,82,0.1,0.0001,rbf,product,4.489721036917651,331,0.6559474468231201,cuda,False,0.2753295838641244,4.749385572397469,4.0585247922423235,-0.37452249828243894,-0.3634879897649022,0.0
M3_E0,Two-Stage Biomarker-Guided KRR (no-prior biomarker),two_stage_kernel_ridge,8,4,seed08_fold04,280,50,82,0.1,0.0001,rbf,product,4.615079961014434,331,0.6476881504058838,cuda,False,0.5019166736295726,4.349039146069943,3.4904502625109948,-0.1770189680471831,-0.1803606390190075,0.05263157894736842
M3_TRUE,Two-Stage Biomarker-Guided KRR (true edge-prior biomarker),two_stage_kernel_ridge,8,4,seed08_fold04,280,50,82,0.1,1e-05,rbf,product,4.820030805122026,331,0.6972131729125977,cuda,False,0.3659248352768148,4.812387273460773,4.0262808374704875,0.7444262224063501,0.6821142982254227,0.42857142857142855
M3_SHUFFLED,Two-Stage Biomarker-Guided KRR (shuffled edge-prior biomarker),two_stage_kernel_ridge,8,4,seed08_fold04,280,50,82,0.01,0.0001,rbf,product,4.288640064883718,331,0.6539270877838135,cuda,False,0.49110850607163303,4.380514965848716,3.4675901439380303,-0.3774487583338754,-0.3560568218053208,0.0
M3_RANDOM,Two-Stage Biomarker-Guided KRR (random edge-prior biomarker),two_stage_kernel_ridge,8,4,seed08_fold04,280,50,82,0.01,0.01,rbf,product,4.693963369620224,331,0.645749568939209,cuda,False,0.35657984054651126,4.761088473599222,3.9173383335902994,0.24401249457927943,0.200276968201004,0.1111111111111111
M3_E0,Two-Stage Biomarker-Guided KRR (no-prior biomarker),two_stage_kernel_ridge,9,0,seed09_fold00,279,50,83,0.1,0.0001,rbf,product,4.554618602569999,330,0.7265138626098633,cuda,False,0.46506474029486217,4.0973502886774895,3.407465649711719,-0.48707484376478904,-0.4551390612664064,0.0
M3_TRUE,Two-Stage Biomarker-Guided KRR (true edge-prior biomarker),two_stage_kernel_ridge,9,0,seed09_fold00,279,50,83,0.01,0.001,rbf,product,4.615809707203998,330,0.6600816249847412,cuda,False,0.34440619484196994,4.342360570686895,3.6555844831136555,0.4921936629787633,0.4947519807928848,0.3333333333333333
M3_SHUFFLED,Two-Stage Biomarker-Guided KRR (shuffled edge-prior biomarker),two_stage_kernel_ridge,9,0,seed09_fold00,279,50,83,0.01,0.001,rbf,product,4.506727946401734,330,0.655954122543335,cuda,False,0.49650864682012175,4.206077757465582,3.5255095458348356,-0.4973093649785423,-0.47440116800034837,0.0
M3_RANDOM,Two-Stage Biomarker-Guided KRR (random edge-prior biomarker),two_stage_kernel_ridge,9,0,seed09_fold00,279,50,83,0.01,0.001,rbf,product,4.504832724499615,330,0.7707986831665039,cuda,False,0.5027557120719801,4.199641045819987,3.5310734070187513,-0.4555973993332528,-0.44596995886466484,0.0
M3_E0,Two-Stage Biomarker-Guided KRR (no-prior biomarker),two_stage_kernel_ridge,9,1,seed09_fold01,279,50,83,0.01,1e-05,rbf,product,4.3486930103395425,330,0.6806323528289795,cuda,False,0.37517450117483186,4.878314104346906,4.014253341876129,-0.48802509018299656,-0.5011943239836509,0.0
M3_TRUE,Two-Stage Biomarker-Guided KRR (true edge-prior biomarker),two_stage_kernel_ridge,9,1,seed09_fold01,279,50,83,0.01,0.0001,rbf,product,4.369237920946937,330,0.6677038669586182,cuda,False,0.1621611592908074,5.527490846724115,4.617768303417374,0.7343034452979057,0.6919376230752189,0.42857142857142855
M3_SHUFFLED,Two-Stage Biomarker-Guided KRR (shuffled edge-prior biomarker),two_stage_kernel_ridge,9,1,seed09_fold01,279,50,83,0.1,0.0001,rbf,product,4.346457282025335,330,0.941230297088623,cuda,False,0.31031154989124315,5.000507244647105,4.176322323460592,-0.4557991013055223,-0.45234238515258546,0.0
M3_RANDOM,Two-Stage Biomarker-Guided KRR (random edge-prior biomarker),two_stage_kernel_ridge,9,1,seed09_fold01,279,50,83,0.01,1e-05,rbf,product,4.395563790271977,330,0.654815673828125,cuda,False,0.33817498963362325,4.952597409374942,4.1266784975382835,0.168601043426879,0.1686395696634043,0.1111111111111111
M3_E0,Two-Stage Biomarker-Guided KRR (no-prior biomarker),two_stage_kernel_ridge,9,2,seed09_fold02,280,50,82,0.1,1e-05,rbf,product,4.203538110886436,331,0.6521718502044678,cuda,False,0.2173236111781609,4.62229782079952,3.966648388988649,-0.6494691733782859,-0.6400442989703731,0.0
M3_TRUE,Two-Stage Biomarker-Guided KRR (true edge-prior biomarker),two_stage_kernel_ridge,9,2,seed09_fold02,280,50,82,0.01,1e-05,rbf,product,4.258740229367468,331,0.6641933917999268,cuda,False,0.2587953413594418,4.571417087157135,3.8863288735457227,0.7361887530947919,0.6964872158246669,0.42857142857142855
M3_SHUFFLED,Two-Stage Biomarker-Guided KRR (shuffled edge-prior biomarker),two_stage_kernel_ridge,9,2,seed09_fold02,280,50,82,0.1,1e-05,rbf,product,4.259692204832061,331,0.6478404998779297,cuda,False,0.17160268628294467,4.673493395925918,4.02353223296276,-0.5745758761311628,-0.5903583513696502,0.0
M3_RANDOM,Two-Stage Biomarker-Guided KRR (random edge-prior biomarker),two_stage_kernel_ridge,9,2,seed09_fold02,280,50,82,0.01,1e-05,rbf,product,4.308188380001671,331,0.643808126449585,cuda,False,0.21780093717881774,4.621884911188583,3.9541891209080147,0.2069198469220336,0.26180384270506524,0.0
M3_E0,Two-Stage Biomarker-Guided KRR (no-prior biomarker),two_stage_kernel_ridge,9,3,seed09_fold03,280,50,82,0.01,1e-05,rbf,product,4.983047094439366,331,0.6403932571411133,cuda,False,0.3802737634814448,4.275996307578771,3.6313986067167097,0.08844574553500617,0.10955978675893638,0.05263157894736842
M3_TRUE,Two-Stage Biomarker-Guided KRR (true edge-prior biomarker),two_stage_kernel_ridge,9,3,seed09_fold03,280,50,82,0.01,1e-05,rbf,product,5.095702682244995,331,0.6466679573059082,cuda,False,0.35644574791026984,4.334407962837161,3.7123541438329797,0.7676645136951483,0.7046674934575932,0.42857142857142855
M3_SHUFFLED,Two-Stage Biomarker-Guided KRR (shuffled edge-prior biomarker),two_stage_kernel_ridge,9,3,seed09_fold03,280,50,82,0.01,1e-05,rbf,product,4.721401584415931,331,0.6544008255004883,cuda,False,0.4108423276202895,4.22954806091035,3.5075074581239467,-0.378214693952051,-0.3437214825175747,0.0
M3_RANDOM,Two-Stage Biomarker-Guided KRR (random edge-prior biomarker),two_stage_kernel_ridge,9,3,seed09_fold03,280,50,82,0.01,0.01,rbf,product,4.907022341992615,331,0.8953700065612793,cuda,False,0.3185315505240358,4.383320828760237,3.742258751495411,0.2096342445364287,0.25794343085509447,0.0
M3_E0,Two-Stage Biomarker-Guided KRR (no-prior biomarker),two_stage_kernel_ridge,9,4,seed09_fold04,280,50,82,0.01,0.0001,rbf,product,4.440513115626459,331,0.6758830547332764,cuda,False,0.4010198570102352,4.781630782062238,3.9155292427016892,-0.5763845611048573,-0.5760653388022295,0.0
M3_TRUE,Two-Stage Biomarker-Guided KRR (true edge-prior biomarker),two_stage_kernel_ridge,9,4,seed09_fold04,280,50,82,0.01,0.0001,rbf,product,4.514224573774918,331,0.642148494720459,cuda,False,0.27090993776069594,5.241872951342506,4.2826517202688485,0.7627695550212246,0.7082931842765825,0.42857142857142855
M3_SHUFFLED,Two-Stage Biomarker-Guided KRR (shuffled edge-prior biomarker),two_stage_kernel_ridge,9,4,seed09_fold04,280,50,82,0.01,0.0001,rbf,product,4.471441846465003,331,0.6476609706878662,cuda,False,0.39075530851005136,4.817934431783596,3.922582972726683,-0.48311333955164143,-0.49695436323251885,0.0
M3_RANDOM,Two-Stage Biomarker-Guided KRR (random edge-prior biomarker),two_stage_kernel_ridge,9,4,seed09_fold04,280,50,82,0.01,1e-05,rbf,product,4.703199354078342,331,0.6635408401489258,cuda,False,0.30189403014552835,4.959705674669221,4.2296515208917675,0.16360415005571796,0.2155338352147951,0.05263157894736842
