model_id,prior_type,seed,n_folds,n_fold_pairs,wm_alignment,rank_stability,top10_jaccard
A4_modality_ridge,none,0,5,10,0.10113889013256924,0.6295413831545765,0.25809990662931837
A4_modality_ridge,none,1,5,10,0.1566507967845679,0.6931572675200861,0.27259570494864616
A4_modality_ridge,none,2,5,10,0.07709132174479247,0.726801983623573,0.26643323996265167
A4_modality_ridge,none,3,5,10,0.18452908065106044,0.4529712067043401,0.19281045751633988
A4_modality_ridge,none,4,5,10,0.1351852491131137,0.6425856302617923,0.2743930905695611
A4_modality_ridge,none,5,5,10,0.13132068115778345,0.6636443316803138,0.3069974143503555
A4_modality_ridge,none,6,5,10,0.09612256859787816,0.5649613654711106,0.24204014939309054
A4_modality_ridge,none,7,5,10,0.1458757073530727,0.5182424172529121,0.26246498599439777
A4_modality_ridge,none,8,5,10,0.10988283096719564,0.6187967554684197,0.3383699633699634
A4_modality_ridge,none,9,5,10,0.09138860749313055,0.7380694268250491,0.36694139194139186
A4_iso_same_solver,uniform,0,5,10,0.1821193998156843,0.6404697651174412,0.3527203188967895
A4_iso_same_solver,uniform,1,5,10,0.16629336699841502,0.6181424672279245,0.29817927170868347
A4_iso_same_solver,uniform,2,5,10,0.1224551791571323,0.6620013070387882,0.3698717948717948
A4_iso_same_solver,uniform,3,5,10,0.16629644449628908,0.6784761465421136,0.3726190476190475
A4_iso_same_solver,uniform,4,5,10,0.18802281011256847,0.632037827240226,0.3476190476190476
A4_iso_same_solver,uniform,5,5,10,0.1472082639325336,0.6490201053319493,0.3011904761904762
A4_iso_same_solver,uniform,6,5,10,0.16052228911011474,0.5839042017452812,0.34054083171730226
A4_iso_same_solver,uniform,7,5,10,0.14434849903307856,0.6762918540729634,0.33571428571428574
A4_iso_same_solver,uniform,8,5,10,0.16928777242985946,0.6272994272094723,0.3931318681318681
A4_iso_same_solver,uniform,9,5,10,0.15568215432871263,0.6795040941067928,0.4088827838827839
A2_fc_laplacian,matched,0,5,10,-0.11064681981442699,0.6971806404490063,0.25891690009337065
A2_fc_laplacian,matched,1,5,10,0.02164481192261722,0.643567447045708,0.21653766769865843
A2_fc_laplacian,matched,2,5,10,-0.13689710730555044,0.7670618536885403,0.32002801120448177
A2_fc_laplacian,matched,3,5,10,0.07302056143190128,0.43337331334332835,0.19379084967320262
A2_fc_laplacian,matched,4,5,10,-0.038574127727731146,0.6505124360896476,0.3155408317173023
A2_fc_laplacian,matched,5,5,10,-0.11171086470437755,0.747884519278822,0.3178571428571429
A2_fc_laplacian,matched,6,5,10,-0.06994306355785765,0.5750693883827317,0.2273342670401494
A2_fc_laplacian,matched,7,5,10,0.006416583067380921,0.4885203552070119,0.2446958270487682
A2_fc_laplacian,matched,8,5,10,0.011153621670002566,0.4964302464152538,0.2019607843137255
A2_fc_laplacian,matched,9,5,10,-0.06662090460282759,0.6864667666166917,0.2394257703081232
A3_msancr,matched,0,5,10,0.4644967559974929,0.6848275862068967,0.28375378491477565
A3_msancr,matched,1,5,10,0.5841598752083992,0.7538369276900012,0.40860805860805866
A3_msancr,matched,2,5,10,0.3583184630961772,0.7909083919578672,0.38507326007326004
A3_msancr,matched,3,5,10,0.6278249537942668,0.684327067235613,0.29507498005950017
A3_msancr,matched,4,5,10,0.49429462916292016,0.6970337907969093,0.2971868774500353
A3_msancr,matched,5,5,10,0.5992457697869609,0.7271448890939147,0.4424908424908424
A3_msancr,matched,6,5,10,0.4999572252511603,0.8102433398685273,0.4272893772893772
A3_msancr,matched,7,5,10,0.5512529598157193,0.6617491254372814,0.2591903968064959
A3_msancr,matched,8,5,10,0.5177374692184473,0.6411432745165879,0.29964447317388493
A3_msancr,matched,9,5,10,0.43961364693691324,0.6701218621458501,0.2698179271708684
A3_msancr,unrelated,0,5,10,0.32790739847934675,0.6525537231384309,0.20989729225023343
A3_msancr,unrelated,1,5,10,0.4460656212298457,0.7807019567139506,0.2793417366946779
A3_msancr,unrelated,2,5,10,0.23148785133662342,0.7705923961096375,0.3081878905408317
A3_msancr,unrelated,3,5,10,0.5049581592964814,0.6699150424787605,0.2569974143503555
A3_msancr,unrelated,4,5,10,0.3452321727612752,0.6706062353438665,0.210233918128655
A3_msancr,unrelated,5,5,10,0.4461171693192359,0.7521354707261754,0.32955182072829137
A3_msancr,unrelated,6,5,10,0.33276369012458756,0.8300319071233615,0.351255117431588
A3_msancr,unrelated,7,5,10,0.39533383815070533,0.675272363818091,0.21984004127966977
A3_msancr,unrelated,8,5,10,0.3782598799455113,0.634447391688771,0.2102531025905639
A3_msancr,unrelated,9,5,10,0.32075298529666385,0.636776996117326,0.26835839598997496
A3_msancr,shuffled,0,5,10,-0.027995998160174736,0.6739338023296045,0.22981964715710843
A3_msancr,shuffled,1,5,10,-0.045939349514785996,0.7768369661323185,0.35272031889678945
A3_msancr,shuffled,2,5,10,-0.07727674099170359,0.8066843501326261,0.3146415246260447
A3_msancr,shuffled,3,5,10,0.006733565348407416,0.6547041863683543,0.23468720821661995
A3_msancr,shuffled,4,5,10,-0.0329407678692943,0.6988474993272595,0.28084672465477417
A3_msancr,shuffled,5,5,10,-0.05792543435971735,0.7523676623226848,0.3645604395604395
A3_msancr,shuffled,6,5,10,-0.0704970131751855,0.8360235266981894,0.38479853479853476
A3_msancr,shuffled,7,5,10,-0.0711117433755257,0.6513089609041633,0.3028424190188896
A3_msancr,shuffled,8,5,10,-0.054861015851638426,0.6483934955599124,0.2164553540714531
A3_msancr,shuffled,9,5,10,-0.0328561366777581,0.6424264790681582,0.2223033072878274
A3_msancr,random,0,5,10,0.06495290075509594,0.6817852612155461,0.3300132873662285
A3_msancr,random,1,5,10,0.11553927205968781,0.7607227155652942,0.4553113553113553
A3_msancr,random,2,5,10,0.023816756047223504,0.763529004728405,0.39278385013679135
A3_msancr,random,3,5,10,0.14845234244811573,0.6421320109176181,0.315792214321626
A3_msancr,random,4,5,10,0.08068045364039582,0.6724337831084457,0.34982044099691156
A3_msancr,random,5,5,10,0.11856137497199863,0.7344520047668474,0.3668534080298786
A3_msancr,random,6,5,10,0.06897519047647094,0.8121008726406028,0.3754040077569489
A3_msancr,random,7,5,10,0.07133486197139388,0.6471087533156499,0.31929900165194275
A3_msancr,random,8,5,10,0.06659782336877225,0.6300065351939415,0.3752747252747252
A3_msancr,random,9,5,10,0.06959607567255925,0.6326690500903395,0.43296703296703304
