experiment_id,seed,fold,condition,repeat,pearson,rmse,mae
M3_SHUFFLED,0,0,random,0,0.3795754304100079,5.102846243110098,3.994169593403865
M3_SHUFFLED,0,0,random,1,0.4140391408740451,4.820810935205336,3.854427734257038
M3_SHUFFLED,0,0,random,2,0.4037981134682364,4.923134033316445,4.260041476261612
M3_SHUFFLED,0,0,random,3,0.3500058284527767,6.045978300069401,5.243206306428788
M3_SHUFFLED,0,0,random,4,0.3702186314715598,5.209938291580013,4.449432292257574
M3_SHUFFLED,0,0,random,5,0.3460352264403284,8.499019648396622,7.469811261251852
M3_SHUFFLED,0,0,random,6,0.37420233733405,4.769858816942625,4.069744293224439
M3_SHUFFLED,0,0,random,7,0.3485030252595377,7.364784372981306,6.384841424240678
M3_SHUFFLED,0,0,random,8,0.4266816359577883,8.740962914840471,7.726880669357036
M3_SHUFFLED,0,0,random,9,0.4082124528085456,5.565742016177794,4.740703730586084
M3_SHUFFLED,0,0,random,10,0.3497238952445229,8.50239759536754,7.500257758780834
M3_SHUFFLED,0,0,random,11,0.3707283823083092,6.379451631395193,4.900742644795871
M3_SHUFFLED,0,0,random,12,0.3502147413751744,6.307924782775597,4.882360991753039
M3_SHUFFLED,0,0,random,13,0.3506117939607324,5.986565048446387,5.060945467232389
M3_SHUFFLED,0,0,random,14,0.3551293292744695,6.676391278769958,5.744893176418617
M3_SHUFFLED,0,0,random,15,0.4361555130357745,7.815171709556202,6.851093516246336
M3_SHUFFLED,0,0,random,16,0.355830824320504,4.908486510071801,4.2219128425548895
M3_SHUFFLED,0,0,random,17,0.4091976061187279,4.614174853770641,3.864153992433023
M3_SHUFFLED,0,0,random,18,0.4228180935056134,5.221004717169984,4.059218155070851
M3_SHUFFLED,0,0,random,19,0.3736023564539411,5.086217453338198,4.347960488148313
M3_SHUFFLED,0,0,top,-1,0.3697322783492854,6.970784343182208,6.064304597400093
M3_SHUFFLED,0,0,bottom,-1,0.3983774166092221,4.801627137917584,4.095303539660677
M3_SHUFFLED,0,0,reference_prior_top,-1,0.3947177204691071,6.118445982263771,5.265539204139753
M3_SHUFFLED,0,1,random,0,0.4286598550664788,5.045878757821707,3.98696337337414
M3_SHUFFLED,0,1,random,1,0.4640317498922614,4.929706237420786,3.978332635227309
M3_SHUFFLED,0,1,random,2,0.3846969110030093,4.98592082576665,4.303179772374783
M3_SHUFFLED,0,1,random,3,0.3899951653010822,4.956994524560947,4.164624111675091
M3_SHUFFLED,0,1,random,4,0.4128710665873364,4.96611738192935,4.180636547835706
M3_SHUFFLED,0,1,random,5,0.4190285644091647,5.017465124840874,4.043920917411152
M3_SHUFFLED,0,1,random,6,0.4553707306519271,5.0121006537686,4.0060451362982885
M3_SHUFFLED,0,1,random,7,0.389406876604524,4.937502823684149,4.194634348014842
M3_SHUFFLED,0,1,random,8,0.413667178442094,4.923394817730126,4.094347250900019
M3_SHUFFLED,0,1,random,9,0.3866209471835931,4.935178423839679,4.146681179014343
M3_SHUFFLED,0,1,random,10,0.3829291110842417,4.927702119490681,4.179297988911278
M3_SHUFFLED,0,1,random,11,0.431268885227011,4.910540674687565,4.145382520320476
M3_SHUFFLED,0,1,random,12,0.475378682359909,5.071410006089005,4.003218813614382
M3_SHUFFLED,0,1,random,13,0.4493468167777786,4.944426522535676,4.028967546363771
M3_SHUFFLED,0,1,random,14,0.3830637704108468,5.358872981579343,4.689632663257193
M3_SHUFFLED,0,1,random,15,0.3612952604561066,4.927288798691091,4.125190806295665
M3_SHUFFLED,0,1,random,16,0.4250340776471754,4.940071237005823,4.085237798660548
M3_SHUFFLED,0,1,random,17,0.4342975081606897,4.984708070091883,4.049385105406743
M3_SHUFFLED,0,1,random,18,0.4513490958195103,4.94072360300485,4.064085048318668
M3_SHUFFLED,0,1,random,19,0.4147564572126453,4.912768352608765,4.015091749059538
M3_SHUFFLED,0,1,top,-1,0.4205342369320073,5.144068120623041,4.500067454882161
M3_SHUFFLED,0,1,bottom,-1,0.4066396600395993,4.942641811667792,4.119336877867305
M3_SHUFFLED,0,1,reference_prior_top,-1,0.4044379412577984,4.973538486544951,4.00862680349344
M3_SHUFFLED,0,2,random,0,0.2404623288874277,4.685053347913013,4.162560159001697
M3_SHUFFLED,0,2,random,1,0.2605538897886054,4.691207725509134,4.200539874550851
M3_SHUFFLED,0,2,random,2,0.251751756216503,4.707986162131225,3.9994925752435617
M3_SHUFFLED,0,2,random,3,0.2499053675835151,4.691300473309381,4.189457852186322
M3_SHUFFLED,0,2,random,4,0.2888269827890534,4.682702784701786,3.998066182761106
M3_SHUFFLED,0,2,random,5,0.2229020423319596,4.712020499490997,4.211776360736785
M3_SHUFFLED,0,2,random,6,0.273222226834572,4.671012005093432,4.167290490427536
M3_SHUFFLED,0,2,random,7,0.2815827472544538,4.664875702644789,4.024339240848572
M3_SHUFFLED,0,2,random,8,0.2577777662987892,4.743275961262378,4.27063213101524
M3_SHUFFLED,0,2,random,9,0.2737810979891005,4.639853708748973,4.069905715501561
M3_SHUFFLED,0,2,random,10,0.2591086025542071,4.694454210537636,4.190856611938593
M3_SHUFFLED,0,2,random,11,0.2511053815450856,4.682807928715371,4.144378665703318
M3_SHUFFLED,0,2,random,12,0.257374344925195,4.679763758460571,4.171098174404964
M3_SHUFFLED,0,2,random,13,0.2414675718109675,4.760859019727232,4.290101155087583
M3_SHUFFLED,0,2,random,14,0.2567305656710861,4.770453541140732,4.3032682746677695
M3_SHUFFLED,0,2,random,15,0.2579491031762908,4.665570762839635,4.0344046532923
M3_SHUFFLED,0,2,random,16,0.2341035362957221,4.6779052930345495,4.138474477846971
M3_SHUFFLED,0,2,random,17,0.2378947880814169,4.715831586285687,4.218740027645119
M3_SHUFFLED,0,2,random,18,0.2366667252221861,4.681148344400448,4.173194387625697
M3_SHUFFLED,0,2,random,19,0.2165899787652138,4.718507331589381,4.224318249478004
M3_SHUFFLED,0,2,top,-1,0.2245856490859937,4.693296005845308,4.14665671500272
M3_SHUFFLED,0,2,bottom,-1,0.2138596694378062,4.685008691495037,4.130351983294048
M3_SHUFFLED,0,2,reference_prior_top,-1,0.2337491841771672,4.679413881944152,4.140861470700445
M3_SHUFFLED,0,3,random,0,0.3274515034050949,5.088416225092463,4.137280119498199
M3_SHUFFLED,0,3,random,1,0.4091451882942524,4.913054500294644,4.101972828321688
M3_SHUFFLED,0,3,random,2,0.4028194786278193,5.401268394269957,4.946599710722129
M3_SHUFFLED,0,3,random,3,0.1891333030979336,5.160565755009265,4.512309602756416
M3_SHUFFLED,0,3,random,4,0.3506220948463784,5.07221853079989,4.427848902490236
M3_SHUFFLED,0,3,random,5,0.3127615134339826,5.045629380642012,4.088944887220006
M3_SHUFFLED,0,3,random,6,0.3507921642737898,5.074575206203858,4.372755611308686
M3_SHUFFLED,0,3,random,7,0.3273900985832672,5.295402664117377,4.784057643579788
M3_SHUFFLED,0,3,random,8,0.3983533327682166,5.01714475370373,4.317751476832414
M3_SHUFFLED,0,3,random,9,0.4029771903174528,5.371990149172789,3.975449330706273
M3_SHUFFLED,0,3,random,10,0.4477269305465575,5.198028324651357,4.722853101266535
M3_SHUFFLED,0,3,random,11,0.384837667922667,5.031182392128056,4.415754084201197
M3_SHUFFLED,0,3,random,12,0.3914352958954301,5.152977907739737,4.563742886740423
M3_SHUFFLED,0,3,random,13,0.365031495817479,4.963135883361998,4.184990106382017
M3_SHUFFLED,0,3,random,14,0.304123745562548,5.775306958016719,5.292615113669715
M3_SHUFFLED,0,3,random,15,0.3395561292564749,5.336050571206306,4.01662066562244
M3_SHUFFLED,0,3,random,16,0.3983515154649497,5.0860295741163695,4.0005874818646845
M3_SHUFFLED,0,3,random,17,0.2907540037543049,5.2508113839759725,4.087936405657264
M3_SHUFFLED,0,3,random,18,0.4460289132611842,5.103285218188327,3.926102066442599
M3_SHUFFLED,0,3,random,19,0.2452897119723315,5.117235156872339,4.40093790917235
M3_SHUFFLED,0,3,top,-1,0.1522470995816298,5.1845555552345095,4.539794379806668
M3_SHUFFLED,0,3,bottom,-1,0.4122633872807615,5.043667278880981,4.262318771012402
M3_SHUFFLED,0,3,reference_prior_top,-1,0.4569789212535212,5.011267679625647,4.189082110639701
M3_SHUFFLED,0,4,random,0,0.2932058736447018,4.262975634827435,3.633198240590056
M3_SHUFFLED,0,4,random,1,0.2848831941357213,4.434851985675609,3.883622771805339
M3_SHUFFLED,0,4,random,2,0.2877593886235273,4.851156972858398,4.354811700322065
M3_SHUFFLED,0,4,random,3,0.2398967864686624,4.325662001341641,3.689240073563633
M3_SHUFFLED,0,4,random,4,0.2581755059796348,4.385064989221843,3.796029638556574
M3_SHUFFLED,0,4,random,5,0.2553288773742012,4.4138445564457145,3.870064243004163
M3_SHUFFLED,0,4,random,6,0.2097790913156291,4.372639338544573,3.7983465925765
M3_SHUFFLED,0,4,random,7,0.3001135165325855,4.347666410795989,3.800496986792661
M3_SHUFFLED,0,4,random,8,0.1945387691804748,4.348724301306128,3.622260023496771
M3_SHUFFLED,0,4,random,9,0.2996247919159981,4.5323617552678765,4.036994592060289
M3_SHUFFLED,0,4,random,10,0.2884548993157455,4.456912383867065,3.9468343835542847
M3_SHUFFLED,0,4,random,11,0.2069154685218588,4.376225127593093,3.5498544864552373
M3_SHUFFLED,0,4,random,12,0.2783325999583576,4.26226864527932,3.610179538082875
M3_SHUFFLED,0,4,random,13,0.2217648948878586,4.612248916680398,4.089378164571015
M3_SHUFFLED,0,4,random,14,0.22320388703594,4.483487829053326,3.9521562799147785
M3_SHUFFLED,0,4,random,15,0.3138674544877625,4.355228101484815,3.773876295647255
M3_SHUFFLED,0,4,random,16,0.2304016059632435,4.604002021697493,4.091621980868427
M3_SHUFFLED,0,4,random,17,0.1928599897681039,5.635724675101438,4.069929281018086
M3_SHUFFLED,0,4,random,18,0.2930717235535789,4.461696023498523,3.9178500426965024
M3_SHUFFLED,0,4,random,19,0.3181158252434968,4.707517557346261,4.251415194987435
M3_SHUFFLED,0,4,top,-1,0.1561442320346969,4.690207430760343,4.152779680607297
M3_SHUFFLED,0,4,bottom,-1,0.2657302160498246,4.366685356410179,3.743984150938055
M3_SHUFFLED,0,4,reference_prior_top,-1,0.2348016668936046,4.34602368022362,3.604481639044643
M3_SHUFFLED,1,0,random,0,0.4368004328267732,5.0951069620469145,4.575529117747085
M3_SHUFFLED,1,0,random,1,0.3861187038811209,4.937021057044342,4.244981873376991
M3_SHUFFLED,1,0,random,2,0.4286546368491893,5.14134091994352,4.209610120914434
M3_SHUFFLED,1,0,random,3,0.3748336361831309,5.151418246433704,4.635857285399532
M3_SHUFFLED,1,0,random,4,0.4565995866052821,4.825434114166118,4.159150251522379
M3_SHUFFLED,1,0,random,5,0.3595909123192335,5.601755746139395,5.002989897883413
M3_SHUFFLED,1,0,random,6,0.3869575162477265,5.039071260059924,4.493491898663337
M3_SHUFFLED,1,0,random,7,0.4144403693791633,5.206607646294676,4.689120377967899
M3_SHUFFLED,1,0,random,8,0.3913206118764601,4.945170366065391,4.391385986026834
M3_SHUFFLED,1,0,random,9,0.4363343985065696,4.928709685893258,4.299414628354489
M3_SHUFFLED,1,0,random,10,0.4037942962787986,4.958655922389746,4.308668977867663
M3_SHUFFLED,1,0,random,11,0.4368039969573362,4.957478832262426,4.283635706256849
M3_SHUFFLED,1,0,random,12,0.4128676441719781,5.030173436349295,4.515583172921301
M3_SHUFFLED,1,0,random,13,0.3642637105722035,5.176898661969223,4.663782671919329
M3_SHUFFLED,1,0,random,14,0.4218627128756609,4.923512092508101,4.349938344016171
M3_SHUFFLED,1,0,random,15,0.3254325674841032,5.543391852623082,4.977909949147138
M3_SHUFFLED,1,0,random,16,0.3733814282530852,5.082156066078636,4.575357253415761
M3_SHUFFLED,1,0,random,17,0.4343501508538366,4.927424698766867,4.3408965803858734
M3_SHUFFLED,1,0,random,18,0.350921262378797,5.171490840943949,4.6425759267850815
M3_SHUFFLED,1,0,random,19,0.3219227468726108,4.998185606248924,4.458888403588702
M3_SHUFFLED,1,0,top,-1,0.3868055116770959,5.095932962106145,4.576531597680014
M3_SHUFFLED,1,0,bottom,-1,0.4132400605977662,4.961246456481372,4.358598951306532
M3_SHUFFLED,1,0,reference_prior_top,-1,0.4319861436180798,4.994145446093789,4.285737970816203
M3_SHUFFLED,1,1,random,0,0.2660901826608937,5.095924793086354,4.689204986227676
M3_SHUFFLED,1,1,random,1,0.2776544129152178,4.640394168979226,3.978047014334519
M3_SHUFFLED,1,1,random,2,0.2899126223780183,4.915350267407946,4.442384308788214
M3_SHUFFLED,1,1,random,3,0.3507864325664797,4.907672029691553,4.467104969302465
M3_SHUFFLED,1,1,random,4,0.3163009070538739,4.831761445636344,4.34530619120062
M3_SHUFFLED,1,1,random,5,0.2826228380738395,4.531076687008961,3.597616641785546
M3_SHUFFLED,1,1,random,6,0.264026288099905,4.577877824459195,3.5118010766932506
M3_SHUFFLED,1,1,random,7,0.3402698560655192,4.739737828422444,4.205053022038471
M3_SHUFFLED,1,1,random,8,0.3684287043495351,4.693516284104736,4.161024423501588
M3_SHUFFLED,1,1,random,9,0.2645028899527084,4.702573423618859,4.092465815968352
M3_SHUFFLED,1,1,random,10,0.4013460803677489,4.502555075976478,3.393328319304445
M3_SHUFFLED,1,1,random,11,0.276573024899738,4.536824612206946,3.699909133220314
M3_SHUFFLED,1,1,random,12,0.317436472702888,5.070801711768157,4.677465265688745
M3_SHUFFLED,1,1,random,13,0.38553264012105,4.479962506158112,3.517144931673029
M3_SHUFFLED,1,1,random,14,0.2846753272176011,4.976101446980171,4.5373070148288
M3_SHUFFLED,1,1,random,15,0.2730017494948815,5.5981281931369296,5.216559293803877
M3_SHUFFLED,1,1,random,16,0.3415564760411432,4.5198495108503725,3.6306293276728496
M3_SHUFFLED,1,1,random,17,0.3550247192367151,4.549345589794931,3.731204520429196
M3_SHUFFLED,1,1,random,18,0.3610502311719419,4.727152696755891,4.228899565379473
M3_SHUFFLED,1,1,random,19,0.2850909710500097,4.659577543662372,4.014881403518684
M3_SHUFFLED,1,1,top,-1,0.2327419437213518,5.017935330304444,4.571241399823235
M3_SHUFFLED,1,1,bottom,-1,0.2882298180479308,4.704527906124926,4.085497578848095
M3_SHUFFLED,1,1,reference_prior_top,-1,0.3734194430419845,4.619671849321634,3.923954135393312
M3_SHUFFLED,1,2,random,0,0.2823869515232895,4.706696438659187,3.919967385980596
M3_SHUFFLED,1,2,random,1,0.2798170962330958,4.849578152400598,4.2007295827785285
M3_SHUFFLED,1,2,random,2,0.2687070206115517,4.704583140057864,3.9756544041189072
M3_SHUFFLED,1,2,random,3,0.2841367868908643,4.719287067031201,4.022791041491528
M3_SHUFFLED,1,2,random,4,0.2285377489424119,5.854940093655196,4.347097028647332
M3_SHUFFLED,1,2,random,5,0.3033898386573264,5.583923485843297,4.874324678097031
M3_SHUFFLED,1,2,random,6,0.1832942162694564,4.838745576039049,4.154523883447368
M3_SHUFFLED,1,2,random,7,0.2039369428510375,4.809168248007268,4.130906970739982
M3_SHUFFLED,1,2,random,8,0.1921145667829113,5.690502992021819,4.2572488524317
M3_SHUFFLED,1,2,random,9,0.306998142706423,4.782712184392359,3.9046499440624
M3_SHUFFLED,1,2,random,10,0.2847203731657428,5.51714092695694,4.814151420225005
M3_SHUFFLED,1,2,random,11,0.2781868294016643,4.890866627870979,4.263462344562472
M3_SHUFFLED,1,2,random,12,0.2785685479733495,5.0814060762771165,4.42297734573881
M3_SHUFFLED,1,2,random,13,0.2263778368754826,4.942953623106954,4.287468504923097
M3_SHUFFLED,1,2,random,14,0.2593226671784433,5.45050791401186,4.739588595430764
M3_SHUFFLED,1,2,random,15,0.1730976945221775,4.86291705665186,3.99338878140536
M3_SHUFFLED,1,2,random,16,0.2724374646158129,5.056823762243848,4.405998069855808
M3_SHUFFLED,1,2,random,17,0.3136645619646637,4.880238420570481,4.209623889395992
M3_SHUFFLED,1,2,random,18,0.2972943915711323,4.90976507373975,4.270387614350238
M3_SHUFFLED,1,2,random,19,0.2628373886430859,4.76210678348911,4.0479196980162016
M3_SHUFFLED,1,2,top,-1,0.2050343627359593,4.816809702167904,3.97192343323148
M3_SHUFFLED,1,2,bottom,-1,0.2391689205237823,4.832991495583015,4.114386335803761
M3_SHUFFLED,1,2,reference_prior_top,-1,0.2990250816410217,4.77244299438005,4.062262415697721
M3_SHUFFLED,1,3,random,0,0.2802921286022332,4.928226914498354,4.15356692331925
M3_SHUFFLED,1,3,random,1,0.2363767991586581,5.004865937277177,4.30507874548972
M3_SHUFFLED,1,3,random,2,0.3398643957596221,4.893658752017169,4.147670837256251
M3_SHUFFLED,1,3,random,3,0.3179393519195713,4.974781493300253,4.091104005303311
M3_SHUFFLED,1,3,random,4,0.2248060954551634,5.01843525920444,4.297239136695548
M3_SHUFFLED,1,3,random,5,0.2929771728276572,4.929250779224037,4.257631947038192
M3_SHUFFLED,1,3,random,6,0.2979517024037941,4.973039829888982,4.319925207050174
M3_SHUFFLED,1,3,random,7,0.2219933022383455,5.123555272959762,4.414899310565335
M3_SHUFFLED,1,3,random,8,0.2741449141297805,4.952849856084402,4.223569608560918
M3_SHUFFLED,1,3,random,9,0.2821128631322085,5.066942955067748,4.355478276104255
M3_SHUFFLED,1,3,random,10,0.3291487236465629,4.920343909716605,4.2659372797526975
M3_SHUFFLED,1,3,random,11,0.2603736909084126,5.077226805007018,4.385890097487729
M3_SHUFFLED,1,3,random,12,0.3107049582739116,4.996787477541665,4.271663936432199
M3_SHUFFLED,1,3,random,13,0.260768242222035,5.047645400641619,4.1252300880997534
M3_SHUFFLED,1,3,random,14,0.2534982288052091,5.089984770680341,4.395467830835259
M3_SHUFFLED,1,3,random,15,0.3407648483067023,4.917257331060112,4.110794613903228
M3_SHUFFLED,1,3,random,16,0.2768914966235205,4.966432104267238,4.196656779594437
M3_SHUFFLED,1,3,random,17,0.3005862632351623,5.059250597204856,4.3780387643041
M3_SHUFFLED,1,3,random,18,0.290968454377798,4.966652592533535,4.156222814894681
M3_SHUFFLED,1,3,random,19,0.2602094380824884,4.982621726674059,4.194005764873331
M3_SHUFFLED,1,3,top,-1,0.237542051941569,4.98960537060421,4.231606094392189
M3_SHUFFLED,1,3,bottom,-1,0.2585659171376279,4.941431964743997,4.194174405960323
M3_SHUFFLED,1,3,reference_prior_top,-1,0.2528652673353454,4.989817002556351,4.151970200735862
M3_SHUFFLED,1,4,random,0,0.2607255009054477,4.531734442139433,3.907541554755936
M3_SHUFFLED,1,4,random,1,0.2475433591991477,4.590375895899025,3.783859871279433
M3_SHUFFLED,1,4,random,2,0.226010287026374,4.799428263099066,4.186937608879862
M3_SHUFFLED,1,4,random,3,0.2572668601041672,4.515630725880226,3.857580177926895
M3_SHUFFLED,1,4,random,4,0.2027443429409799,4.843543190240875,4.232322203889503
M3_SHUFFLED,1,4,random,5,0.2506679103966857,4.519441751221463,3.824990658005807
M3_SHUFFLED,1,4,random,6,0.3042448696558779,4.550441837867195,3.907629297252435
M3_SHUFFLED,1,4,random,7,0.2777041991599729,4.666441691028257,4.070221788537998
M3_SHUFFLED,1,4,random,8,0.2523647096755714,4.536890996076368,3.792933230042797
M3_SHUFFLED,1,4,random,9,0.2778197187907801,4.711562264998765,4.113684366845384
M3_SHUFFLED,1,4,random,10,0.2579385806593779,4.961901364227966,3.880220813378788
M3_SHUFFLED,1,4,random,11,0.165677731742914,4.7670013361129,4.131444964696922
M3_SHUFFLED,1,4,random,12,0.2463223737274004,4.5282520816868805,3.878141224531994
M3_SHUFFLED,1,4,random,13,0.2042371853044459,4.559139001032232,3.823153063259568
M3_SHUFFLED,1,4,random,14,0.2790233115769179,4.510318984807478,3.8525165563006905
M3_SHUFFLED,1,4,random,15,0.2638439608020976,4.522047682639954,3.890622388639037
M3_SHUFFLED,1,4,random,16,0.2887170913555632,5.208955594361712,4.582804445969913
M3_SHUFFLED,1,4,random,17,0.2848490770515586,4.499941264166972,3.772339836387008
M3_SHUFFLED,1,4,random,18,0.3087647049827403,4.571686415521115,3.939748478171527
M3_SHUFFLED,1,4,random,19,0.2957188811167296,4.500754644241304,3.751755189358316
M3_SHUFFLED,1,4,top,-1,0.2253539166586305,4.598211143841391,3.925847378653234
M3_SHUFFLED,1,4,bottom,-1,0.2790908097562949,4.511132825610003,3.8820079188754
M3_SHUFFLED,1,4,reference_prior_top,-1,0.3002839780060048,4.471578181498747,3.835138453758925
M3_SHUFFLED,2,0,random,0,0.4396506099628273,4.731191851395753,3.867950825404532
M3_SHUFFLED,2,0,random,1,0.4328362425762661,4.750572621469529,3.909049449803542
M3_SHUFFLED,2,0,random,2,0.3962323233674615,4.753873764278093,3.967232990521443
M3_SHUFFLED,2,0,random,3,0.4404486643448502,4.798110537667501,4.105121616380908
M3_SHUFFLED,2,0,random,4,0.3888207185505924,4.811972591061146,4.124910200810442
M3_SHUFFLED,2,0,random,5,0.4322615580903257,4.790027033004203,4.085550690579676
M3_SHUFFLED,2,0,random,6,0.4172996653406275,4.793628937008314,4.05847921838919
M3_SHUFFLED,2,0,random,7,0.3991918462969236,4.78846669385086,4.067801227500984
M3_SHUFFLED,2,0,random,8,0.4251779667800092,4.743931201213694,3.879445497002505
M3_SHUFFLED,2,0,random,9,0.4280127223349755,4.790205992452576,4.083769905259132
M3_SHUFFLED,2,0,random,10,0.4394448495756805,4.776505768684025,4.08018711191278
M3_SHUFFLED,2,0,random,11,0.4464221008136236,4.806227060936055,4.1664922564740765
M3_SHUFFLED,2,0,random,12,0.4423148719786708,4.7890699789100974,4.104625406953583
M3_SHUFFLED,2,0,random,13,0.402702748239792,4.845066491049401,4.166373742009728
M3_SHUFFLED,2,0,random,14,0.4313290823629115,4.774343704765885,4.065166733234042
M3_SHUFFLED,2,0,random,15,0.418821404798991,4.789502519256551,4.048132308303449
M3_SHUFFLED,2,0,random,16,0.4040717998285114,4.782332324064341,3.930879719924369
M3_SHUFFLED,2,0,random,17,0.4122663849269201,4.8378279111195335,4.195744764417478
M3_SHUFFLED,2,0,random,18,0.4252972497092238,4.7837709306839535,4.014077698657092
M3_SHUFFLED,2,0,random,19,0.4274556730434912,4.773854681845691,4.028704236369913
M3_SHUFFLED,2,0,top,-1,0.4592453229682022,4.77017233606224,4.079482659141854
M3_SHUFFLED,2,0,bottom,-1,0.4378368957204039,4.778274402678739,4.0937783139883495
M3_SHUFFLED,2,0,reference_prior_top,-1,0.4092436761285077,4.7888372855450045,3.9869955250954847
M3_SHUFFLED,2,1,random,0,0.3842531523712033,5.556531359204387,4.733239958237231
M3_SHUFFLED,2,1,random,1,0.4247421892376016,4.395219700817805,3.88829163878354
M3_SHUFFLED,2,1,random,2,0.450775252544627,4.4622017366237365,3.78458851084332
M3_SHUFFLED,2,1,random,3,0.3900739165472838,4.453281788946883,3.928284495639124
M3_SHUFFLED,2,1,random,4,0.3902254049930801,7.101217576512742,6.008446810959468
M3_SHUFFLED,2,1,random,5,0.3639428030875665,4.972763882758263,3.9245257144747834
M3_SHUFFLED,2,1,random,6,0.4510861629743045,5.370924679508367,4.5189444980492
M3_SHUFFLED,2,1,random,7,0.3975908976576007,4.88894594830608,4.29238058438041
M3_SHUFFLED,2,1,random,8,0.3697986291534498,6.452311351277539,5.411584646738416
M3_SHUFFLED,2,1,random,9,0.3577732829257951,6.2626886777118935,5.273636627949155
M3_SHUFFLED,2,1,random,10,0.4441845413954826,6.616012570028034,5.535092753980203
M3_SHUFFLED,2,1,random,11,0.3915509331044683,6.229460460767656,5.2683289144199135
M3_SHUFFLED,2,1,random,12,0.4076571982785963,7.282113127687766,6.144750313403037
M3_SHUFFLED,2,1,random,13,0.4229268730308068,5.833714772180077,4.880999285886531
M3_SHUFFLED,2,1,random,14,0.4347463215931926,4.573780362597415,3.8133548994137176
M3_SHUFFLED,2,1,random,15,0.427018719892431,5.046592381177271,4.364021705372362
M3_SHUFFLED,2,1,random,16,0.3937260384193711,4.468568779443944,3.957923275308887
M3_SHUFFLED,2,1,random,17,0.4304956989793392,6.249426332283938,5.317755114731376
M3_SHUFFLED,2,1,random,18,0.3766937434435826,6.704501349782863,5.616824669720019
M3_SHUFFLED,2,1,random,19,0.4252675277409429,5.076603317808544,4.393820549008663
M3_SHUFFLED,2,1,top,-1,0.3406395567598608,6.525352476085505,5.4590039828960855
M3_SHUFFLED,2,1,bottom,-1,0.4011279885070594,4.900496425392096,3.875997948627629
M3_SHUFFLED,2,1,reference_prior_top,-1,0.4396306711600836,4.351844410902355,3.8627910935839496
M3_SHUFFLED,2,2,random,0,0.329671934677732,5.673046464687415,4.276339453651205
M3_SHUFFLED,2,2,random,1,0.3146925001881194,5.738212581509179,5.070869594082086
M3_SHUFFLED,2,2,random,2,0.3503266956683833,4.976059846903399,4.149068626927704
M3_SHUFFLED,2,2,random,3,0.3582326234655714,4.992612212128733,4.151769209247299
M3_SHUFFLED,2,2,random,4,0.3338840334500078,5.08520042440886,4.169474709313866
M3_SHUFFLED,2,2,random,5,0.3545235184074405,5.711600961237913,5.059660828000015
M3_SHUFFLED,2,2,random,6,0.3135078526380109,5.233546506713048,4.171874274668983
M3_SHUFFLED,2,2,random,7,0.3569474168592609,5.099411122156879,4.137609112200611
M3_SHUFFLED,2,2,random,8,0.317322829030613,8.745732858038025,7.627366941061856
M3_SHUFFLED,2,2,random,9,0.3527669274491415,4.996196598932626,4.33289359342438
M3_SHUFFLED,2,2,random,10,0.3578726591088009,5.126736369195777,4.146186419106305
M3_SHUFFLED,2,2,random,11,0.363567481000249,6.258810342527907,4.623797321709011
M3_SHUFFLED,2,2,random,12,0.4055491641211189,5.4542635345399,4.152687819634203
M3_SHUFFLED,2,2,random,13,0.3683202991734059,8.729454705786619,7.620753280794027
M3_SHUFFLED,2,2,random,14,0.3290652763354557,8.392568507240766,7.346066275691103
M3_SHUFFLED,2,2,random,15,0.3849608874673021,7.329544758999197,6.346244077409389
M3_SHUFFLED,2,2,random,16,0.3688195707865971,10.720459250000918,9.567052532452054
M3_SHUFFLED,2,2,random,17,0.2829278634739538,7.904905389157152,6.132514796726647
M3_SHUFFLED,2,2,random,18,0.3358724640784896,4.989408268549813,4.206877874271479
M3_SHUFFLED,2,2,random,19,0.3166296684741224,5.052891086993042,4.217391059895509
M3_SHUFFLED,2,2,top,-1,0.2973850232744686,6.23260744136317,5.503685589064735
M3_SHUFFLED,2,2,bottom,-1,0.3528362177765969,5.102018453628917,4.191073814583011
M3_SHUFFLED,2,2,reference_prior_top,-1,0.3424879187767908,5.090177615755181,4.446115026637552
M3_SHUFFLED,2,3,random,0,0.3375113503308808,4.680272820887804,4.037181512930576
M3_SHUFFLED,2,3,random,1,0.3383925459548366,4.703985437077705,4.073747922503235
M3_SHUFFLED,2,3,random,2,0.3826014128368236,4.660157261468051,4.012027507810593
M3_SHUFFLED,2,3,random,3,0.3984047856275638,4.660939225985045,4.020532057232682
M3_SHUFFLED,2,3,random,4,0.349236039619953,4.666269860207311,4.0154659494957805
M3_SHUFFLED,2,3,random,5,0.3745180108404582,4.626036887793348,3.9533860888260257
M3_SHUFFLED,2,3,random,6,0.3673539844456555,4.734102185323236,4.115124768807873
M3_SHUFFLED,2,3,random,7,0.3863447717802649,4.651274953700717,3.993099805712974
M3_SHUFFLED,2,3,random,8,0.3602485765032076,4.615651603419247,3.902344243973294
M3_SHUFFLED,2,3,random,9,0.388421065584088,4.646007721794771,3.982837111679376
M3_SHUFFLED,2,3,random,10,0.3773155843278666,4.693615986578541,4.064027929344023
M3_SHUFFLED,2,3,random,11,0.3900916806697274,4.660438006624612,4.009711758001855
M3_SHUFFLED,2,3,random,12,0.3635076193152313,4.678365736041209,4.042981516094424
M3_SHUFFLED,2,3,random,13,0.3695641419236413,4.640861586172637,3.963282171189458
M3_SHUFFLED,2,3,random,14,0.3827852174033407,4.691579344782237,4.05776335345187
M3_SHUFFLED,2,3,random,15,0.3688312343599026,4.6577136529587495,4.0016522997094
M3_SHUFFLED,2,3,random,16,0.3935925017946361,4.655194232272368,3.999875730678097
M3_SHUFFLED,2,3,random,17,0.3838615499134987,4.649900869153413,3.991140537547389
M3_SHUFFLED,2,3,random,18,0.3286032807950934,4.662690521479107,4.003675150754916
M3_SHUFFLED,2,3,random,19,0.3661437095990352,4.639053535746677,3.9676801476018135
M3_SHUFFLED,2,3,top,-1,0.3303445388132997,4.653771072625369,3.987500766884081
M3_SHUFFLED,2,3,bottom,-1,0.3841492559848023,4.669090839876981,4.021191707164657
M3_SHUFFLED,2,3,reference_prior_top,-1,0.4046984840278671,4.665732813825749,4.0193044090109815
M3_SHUFFLED,2,4,random,0,0.3947048109969743,4.556118465471586,3.857629449842448
M3_SHUFFLED,2,4,random,1,0.2667321551131255,5.005812203008625,3.8017090576893633
M3_SHUFFLED,2,4,random,2,0.4074512715214342,4.793795649651803,4.190389200681854
M3_SHUFFLED,2,4,random,3,0.350959168891315,5.616646836388306,5.006922444888136
M3_SHUFFLED,2,4,random,4,0.3481054287899646,4.584419814952935,3.781691534047194
M3_SHUFFLED,2,4,random,5,0.3614818270561608,4.650626742900563,3.6980001079025246
M3_SHUFFLED,2,4,random,6,0.3545374641489582,4.911053214750182,4.3622756196509815
M3_SHUFFLED,2,4,random,7,0.3693604767616869,4.822620531538417,4.217172126215867
M3_SHUFFLED,2,4,random,8,0.2217714277942578,4.709620711452566,3.934769752776944
M3_SHUFFLED,2,4,random,9,0.3661793266979017,4.78032381065555,3.711058049549123
M3_SHUFFLED,2,4,random,10,0.3470518976907719,4.874055129030719,4.29979156809832
M3_SHUFFLED,2,4,random,11,0.2984932444445219,4.671432026514402,3.743916851377484
M3_SHUFFLED,2,4,random,12,0.3546238206687601,4.675912617110712,4.038495715182425
M3_SHUFFLED,2,4,random,13,0.310269390273717,5.510274944153964,4.856432434860157
M3_SHUFFLED,2,4,random,14,0.3488193787659879,4.738728439409121,4.142605119684752
M3_SHUFFLED,2,4,random,15,0.4067608750087498,4.618453454268731,3.679512920477212
M3_SHUFFLED,2,4,random,16,0.3200422285145975,4.681145062986933,4.032862226591835
M3_SHUFFLED,2,4,random,17,0.3510621145760902,4.81018905091617,4.192060870473808
M3_SHUFFLED,2,4,random,18,0.3471658479526783,4.622100806507203,3.902445549069995
M3_SHUFFLED,2,4,random,19,0.2044866127903229,4.686294500071568,3.8943169707214182
M3_SHUFFLED,2,4,top,-1,0.1684222964123554,4.994009545725212,4.372001789982066
M3_SHUFFLED,2,4,bottom,-1,0.2892853534324273,4.715430408017577,4.035389029410928
M3_SHUFFLED,2,4,reference_prior_top,-1,0.3372955315437304,4.676749093271216,4.007433414922084
M3_SHUFFLED,3,0,random,0,0.2967380870698524,4.980532065541943,4.217123922790565
M3_SHUFFLED,3,0,random,1,0.3627887949465488,4.980531554256442,4.217123673173383
M3_SHUFFLED,3,0,random,2,0.3522546403197002,4.980521722614113,4.217123212418057
M3_SHUFFLED,3,0,random,3,0.2750812901010908,4.980526424161859,4.217126924322391
M3_SHUFFLED,3,0,random,4,0.2226426042812502,4.98052316561856,4.217153930124965
M3_SHUFFLED,3,0,random,5,0.2850608264082978,4.979993152281235,4.217695099080071
M3_SHUFFLED,3,0,random,6,0.2109862318854516,4.980532199182936,4.217123960047282
M3_SHUFFLED,3,0,random,7,0.3108558533737369,4.980515211443794,4.217127808688939
M3_SHUFFLED,3,0,random,8,0.2940058856456033,4.980271600644847,4.217168849333391
M3_SHUFFLED,3,0,random,9,0.3116079216627486,4.980532170630957,4.217123800624742
M3_SHUFFLED,3,0,random,10,0.3067110800430397,4.9799686911716,4.217154904040307
M3_SHUFFLED,3,0,random,11,0.2226192625957331,4.980532258065438,4.217123834802689
M3_SHUFFLED,3,0,random,12,0.219234831793204,4.980530609396187,4.217131859567408
M3_SHUFFLED,3,0,random,13,0.2619905451943246,4.9804819559655575,4.217158276715106
M3_SHUFFLED,3,0,random,14,0.2126053015289223,4.980475028754809,4.217322524707811
M3_SHUFFLED,3,0,random,15,0.1537227348980216,4.980532234060438,4.217125161209295
M3_SHUFFLED,3,0,random,16,0.1947453983185772,4.980532270755622,4.217123837375253
M3_SHUFFLED,3,0,random,17,0.2470284941411475,4.980532262487463,4.217123830968061
M3_SHUFFLED,3,0,random,18,0.424078252931712,4.98046511364282,4.217077505845093
M3_SHUFFLED,3,0,random,19,0.3197763216754822,4.980527868787331,4.21712303670322
M3_SHUFFLED,3,0,top,-1,0.2368216270492445,4.980529213902854,4.217122118533174
M3_SHUFFLED,3,0,bottom,-1,0.2571833513883841,4.980521576557626,4.2171163616310725
M3_SHUFFLED,3,0,reference_prior_top,-1,0.2642171608285732,4.980530698891757,4.217124948210212
M3_SHUFFLED,3,1,random,0,0.2271999126773199,5.290126258615955,4.090123689267995
M3_SHUFFLED,3,1,random,1,0.2302741566113771,5.12646489688381,4.606925903727455
M3_SHUFFLED,3,1,random,2,0.252163495895121,4.792807739826007,4.2020762098159725
M3_SHUFFLED,3,1,random,3,0.2461557120151327,4.745803414967996,4.078807735102145
M3_SHUFFLED,3,1,random,4,0.2100755668188336,5.0899905377853285,3.998916708212644
M3_SHUFFLED,3,1,random,5,0.1807971481743334,5.829998533199817,4.344404027000718
M3_SHUFFLED,3,1,random,6,0.2550179301662285,7.380988528927215,6.336659496713287
M3_SHUFFLED,3,1,random,7,0.2382622968626521,4.938848405870804,4.380506348036923
M3_SHUFFLED,3,1,random,8,0.3019401286046551,5.367107860747862,4.774674345363408
M3_SHUFFLED,3,1,random,9,0.2149417471463423,5.939052674905084,4.499404668948291
M3_SHUFFLED,3,1,random,10,0.2468549490115007,4.768084143041069,3.998323244517096
M3_SHUFFLED,3,1,random,11,0.2501934293886839,8.436564219623799,7.340927024419925
M3_SHUFFLED,3,1,random,12,0.1886401900078096,4.904558976489688,3.9381053726707247
M3_SHUFFLED,3,1,random,13,0.2020075839184941,4.842129381525705,4.232182630483465
M3_SHUFFLED,3,1,random,14,0.2289914661626395,5.22739679030859,4.072306032273027
M3_SHUFFLED,3,1,random,15,0.1919258679863063,5.538839610025235,4.249791436828922
M3_SHUFFLED,3,1,random,16,0.2027044790575558,6.559725079056843,5.720465342370789
M3_SHUFFLED,3,1,random,17,0.212854236342443,6.9198630072181615,6.044118865759408
M3_SHUFFLED,3,1,random,18,0.2020084814616747,6.062810693538288,4.447657617561897
M3_SHUFFLED,3,1,random,19,0.2502085155805432,4.993338289948301,4.476567418462813
M3_SHUFFLED,3,1,top,-1,0.2574965086382987,9.571073289298232,8.423620323273642
M3_SHUFFLED,3,1,bottom,-1,0.2462871346925286,4.7763457517548895,3.956458208000481
M3_SHUFFLED,3,1,reference_prior_top,-1,0.1898781169504657,5.96099311270194,4.4733790189026434
M3_SHUFFLED,3,2,random,0,0.4099609836157444,5.041856440521405,4.332563365453977
M3_SHUFFLED,3,2,random,1,0.3929306506380769,4.723760333641808,4.0638422492914
M3_SHUFFLED,3,2,random,2,0.4053507013612629,4.631377516918018,3.920827198799216
M3_SHUFFLED,3,2,random,3,0.4065013693370669,5.156330147716506,4.44065676940193
M3_SHUFFLED,3,2,random,4,0.4086263881699746,4.887072008141075,3.7926637704404302
M3_SHUFFLED,3,2,random,5,0.4279591193682359,4.67926852500351,3.996777053918792
M3_SHUFFLED,3,2,random,6,0.4620856511818402,4.552988075942835,3.8666156162917615
M3_SHUFFLED,3,2,random,7,0.3999836185193813,4.973425882264496,4.273005175571716
M3_SHUFFLED,3,2,random,8,0.3471733879931152,4.805052915938027,4.14336668164986
M3_SHUFFLED,3,2,random,9,0.3764554528568324,4.746901178556979,3.906832669122037
M3_SHUFFLED,3,2,random,10,0.3811691870984068,4.944217514910426,4.269663092444712
M3_SHUFFLED,3,2,random,11,0.3650752866181773,5.570521022848166,4.849438667613111
M3_SHUFFLED,3,2,random,12,0.3526050173830363,5.045074342887059,4.373743878289522
M3_SHUFFLED,3,2,random,13,0.3311203414548576,4.773780557791151,4.065447261809536
M3_SHUFFLED,3,2,random,14,0.3843103156584817,4.838167767307012,3.9757497816556335
M3_SHUFFLED,3,2,random,15,0.4044547653199897,4.683723392601236,4.019227406412906
M3_SHUFFLED,3,2,random,16,0.343559859345435,4.771784334977923,4.085935677682443
M3_SHUFFLED,3,2,random,17,0.4100042307311601,4.60664668916083,3.909102632331374
M3_SHUFFLED,3,2,random,18,0.2984228606376538,4.957293426129511,4.272537381133664
M3_SHUFFLED,3,2,random,19,0.3732819959196776,5.048452240792218,4.378260467891501
M3_SHUFFLED,3,2,top,-1,0.3364394722526003,4.894655779629507,4.2417041406785305
M3_SHUFFLED,3,2,bottom,-1,0.375445379148274,4.799965649212937,3.948198624543385
M3_SHUFFLED,3,2,reference_prior_top,-1,0.397552300210227,4.785329839114596,3.949588318031059
M3_SHUFFLED,3,3,random,0,0.5130613064758405,4.933149374099866,4.398481581761388
M3_SHUFFLED,3,3,random,1,0.4638904480987582,5.796978633513935,5.134621629937273
M3_SHUFFLED,3,3,random,2,0.5255946815245145,4.808982105731864,3.892808647151394
M3_SHUFFLED,3,3,random,3,0.4645091928621563,6.2528688906357495,5.53296464203372
M3_SHUFFLED,3,3,random,4,0.4591509768465396,4.998236683109677,3.9750668517804337
M3_SHUFFLED,3,3,random,5,0.446342742603277,5.070764354045636,4.533341443380241
M3_SHUFFLED,3,3,random,6,0.457444412785471,6.20034580436577,5.490651429614248
M3_SHUFFLED,3,3,random,7,0.5129256818996053,4.729870727904111,4.046455568363993
M3_SHUFFLED,3,3,random,8,0.4811151984878121,4.74262254522688,4.073055850814022
M3_SHUFFLED,3,3,random,9,0.4711968228917452,4.763514356015549,3.954527154743935
M3_SHUFFLED,3,3,random,10,0.5008476429866833,4.884684676396723,4.347144511616902
M3_SHUFFLED,3,3,random,11,0.4989512251264922,4.944159173091738,4.426191578269442
M3_SHUFFLED,3,3,random,12,0.4951837913170488,4.7573556131354655,3.968553392985647
M3_SHUFFLED,3,3,random,13,0.4616944474303658,4.816380607808201,4.143027186506824
M3_SHUFFLED,3,3,random,14,0.5144022169507747,4.977146910113073,4.438649645842116
M3_SHUFFLED,3,3,random,15,0.5291175284517282,4.782295561804311,4.18241054024436
M3_SHUFFLED,3,3,random,16,0.50429048186811,4.730408506683644,4.0269900345408
M3_SHUFFLED,3,3,random,17,0.4793382187674859,5.8208069084394,5.153001199555211
M3_SHUFFLED,3,3,random,18,0.4799516946481936,5.428763009146593,4.832892740398466
M3_SHUFFLED,3,3,random,19,0.4931007615368702,5.085386078056548,4.54863465425592
M3_SHUFFLED,3,3,top,-1,0.4568980097323689,5.362821578696928,4.795658468671111
M3_SHUFFLED,3,3,bottom,-1,0.5088044997091904,4.897583548982102,4.334336253600067
M3_SHUFFLED,3,3,reference_prior_top,-1,0.5390189364273271,4.81216533960772,4.223874462874473
M3_SHUFFLED,3,4,random,0,0.2657222420594632,5.554774767762204,4.979312476686844
M3_SHUFFLED,3,4,random,1,0.3145204100133184,5.908299894972278,5.223528812241949
M3_SHUFFLED,3,4,random,2,0.2809794275828087,4.762302075637428,4.295862657508286
M3_SHUFFLED,3,4,random,3,0.3242126737903479,4.389956052554858,3.8486234852158185
M3_SHUFFLED,3,4,random,4,0.3364239914693578,5.108861506252564,4.6058498436718684
M3_SHUFFLED,3,4,random,5,0.2934682944220799,6.131389628709425,5.444192467304834
M3_SHUFFLED,3,4,random,6,0.306988490201404,4.422383803302783,3.897972052448124
M3_SHUFFLED,3,4,random,7,0.3041668658475294,6.076209502061885,5.385521509325995
M3_SHUFFLED,3,4,random,8,0.3121407997758748,4.838104992215722,4.370330320259795
M3_SHUFFLED,3,4,random,9,0.2840497704850234,5.066141845211994,4.563548605523378
M3_SHUFFLED,3,4,random,10,0.3458551178115782,4.84601562489909,4.379424411177406
M3_SHUFFLED,3,4,random,11,0.3140746245886453,4.534418694045589,3.4287319434898023
M3_SHUFFLED,3,4,random,12,0.2889215022973683,5.050072849735376,4.55041105767881
M3_SHUFFLED,3,4,random,13,0.3032757443516009,4.55876494851139,3.444017685532584
M3_SHUFFLED,3,4,random,14,0.3114651403165413,5.927993154406163,5.254617180950509
M3_SHUFFLED,3,4,random,15,0.3646528661171073,4.8418773710436405,4.38496306640524
M3_SHUFFLED,3,4,random,16,0.2779675734039141,4.538923125295023,4.039859962866
M3_SHUFFLED,3,4,random,17,0.331398978146143,5.135126294880572,4.618603854682915
M3_SHUFFLED,3,4,random,18,0.2891771415948767,5.315101336388723,4.77336968522359
M3_SHUFFLED,3,4,random,19,0.3481165274156076,5.083146592985846,4.5934024320579
M3_SHUFFLED,3,4,top,-1,0.314697428203072,4.554009346026432,4.088833257076138
M3_SHUFFLED,3,4,bottom,-1,0.3101828389974347,4.867840078962193,4.397533157810886
M3_SHUFFLED,3,4,reference_prior_top,-1,0.2768144879238474,4.965282511582308,4.489727130518998
M3_SHUFFLED,4,0,random,0,0.2137794834161412,6.051848471372317,4.428865518370368
M3_SHUFFLED,4,0,random,1,0.1614024203911963,7.833290212547668,6.908077607446466
M3_SHUFFLED,4,0,random,2,0.1184691654906042,12.15563615455827,11.168069077457128
M3_SHUFFLED,4,0,random,3,0.1227717797311906,5.966523958414627,5.323651183864088
M3_SHUFFLED,4,0,random,4,0.1377698642362623,8.894919234526933,7.907156484469695
M3_SHUFFLED,4,0,random,5,0.0970363565332163,11.183075702980757,10.176699706209634
M3_SHUFFLED,4,0,random,6,0.1258093746765031,6.096966240077492,5.409536626239049
M3_SHUFFLED,4,0,random,7,0.1424169470481069,5.093935784523373,3.778845452181262
M3_SHUFFLED,4,0,random,8,0.1023580156554684,10.195424247973946,9.152083045661868
M3_SHUFFLED,4,0,random,9,0.1446215262064853,5.915219620859315,5.289318380805446
M3_SHUFFLED,4,0,random,10,0.186284186819041,4.953630824276832,4.1916367105000285
M3_SHUFFLED,4,0,random,11,0.0815302104772659,9.244134035399464,8.236849614888884
M3_SHUFFLED,4,0,random,12,0.1971786074898436,4.790892660668328,3.8479233312058527
M3_SHUFFLED,4,0,random,13,0.1616467452134433,5.306511146842633,4.619164630512451
M3_SHUFFLED,4,0,random,14,0.146364083848392,5.348306287915778,3.876584106682831
M3_SHUFFLED,4,0,random,15,0.1512609771258736,5.12969151314233,4.385710963132102
M3_SHUFFLED,4,0,random,16,0.1314769339748859,9.81501377258418,8.7715592203213
M3_SHUFFLED,4,0,random,17,0.1695838912543763,6.305536315473127,5.587316791323313
M3_SHUFFLED,4,0,random,18,0.1543920239510991,5.552147116928068,4.923655539351326
M3_SHUFFLED,4,0,random,19,0.2354524419424251,4.791209451115252,4.078428381546397
M3_SHUFFLED,4,0,top,-1,0.2079048682448232,7.861408865172814,6.965314134327463
M3_SHUFFLED,4,0,bottom,-1,0.072641682004267,4.997473920985183,3.962504983486912
M3_SHUFFLED,4,0,reference_prior_top,-1,0.0751858136799556,5.345412645719663,3.925987169213089
M3_SHUFFLED,4,1,random,0,0.3092245232450885,4.744027771436712,4.165942706992415
M3_SHUFFLED,4,1,random,1,0.2344726115252089,5.01689008414113,4.441533015417218
M3_SHUFFLED,4,1,random,2,0.3098455825260608,4.714195128611364,4.108267318398533
M3_SHUFFLED,4,1,random,3,0.305838365582638,4.661684491718546,4.028349595736552
M3_SHUFFLED,4,1,random,4,0.2550230546319727,4.8105774153946745,3.907493801339154
M3_SHUFFLED,4,1,random,5,0.3123720954146895,4.644527943012366,3.9875744633511294
M3_SHUFFLED,4,1,random,6,0.1837504552444706,4.812575768357591,4.230947543050995
M3_SHUFFLED,4,1,random,7,0.2631816603809374,4.747840588751317,4.130022713665958
M3_SHUFFLED,4,1,random,8,0.2792325111375009,4.821798034400907,4.256109870943286
M3_SHUFFLED,4,1,random,9,0.2966973989453597,4.737646300493309,3.863132381058517
M3_SHUFFLED,4,1,random,10,0.2962151139411586,4.669382076568782,3.857714151805491
M3_SHUFFLED,4,1,random,11,0.3140142949754337,4.663132601610963,4.048360145891848
M3_SHUFFLED,4,1,random,12,0.2220111125230007,4.73623269302186,4.137844685659719
M3_SHUFFLED,4,1,random,13,0.2438612179856277,4.81250651657803,4.239765103432353
M3_SHUFFLED,4,1,random,14,0.264847931840671,4.871302487306366,4.309857107939665
M3_SHUFFLED,4,1,random,15,0.3249842421463993,4.617760804839211,3.949285879377752
M3_SHUFFLED,4,1,random,16,0.3128121980202405,4.624255319243746,3.93680337472288
M3_SHUFFLED,4,1,random,17,0.2079286223991149,4.824264086767858,4.23659676812221
M3_SHUFFLED,4,1,random,18,0.2289954207480049,4.940531459736045,4.372738776518901
M3_SHUFFLED,4,1,random,19,0.230445820302488,4.935616509902408,4.381897055340459
M3_SHUFFLED,4,1,top,-1,0.2547669012514255,4.6867533994316055,3.966371480798127
M3_SHUFFLED,4,1,bottom,-1,0.2861840121357686,4.693559430469035,4.086944751499523
M3_SHUFFLED,4,1,reference_prior_top,-1,0.283448110370069,4.678983342642715,3.9922600106935646
M3_SHUFFLED,4,2,random,0,0.4655533644741099,6.026351835609254,5.238898468151574
M3_SHUFFLED,4,2,random,1,0.4880476883319261,4.718893201875647,4.0336982698136445
M3_SHUFFLED,4,2,random,2,0.4562293004935346,4.993689360489103,3.871166187502838
M3_SHUFFLED,4,2,random,3,0.4726357493085655,4.724836923569609,4.043758592482677
M3_SHUFFLED,4,2,random,4,0.5059707870503132,4.565390553317378,3.830452044627752
M3_SHUFFLED,4,2,random,5,0.5239795563948775,5.761984873512513,4.305749584646999
M3_SHUFFLED,4,2,random,6,0.5456463474011062,9.226240889762712,8.202901003792325
M3_SHUFFLED,4,2,random,7,0.5069599200661685,7.745563863276974,6.7631583675690585
M3_SHUFFLED,4,2,random,8,0.5243975645407761,6.323749175215228,5.5051387448736335
M3_SHUFFLED,4,2,random,9,0.5108715839756304,4.584765350384376,3.769944691994347
M3_SHUFFLED,4,2,random,10,0.4833774282403402,4.670347877144393,3.8134136218206143
M3_SHUFFLED,4,2,random,11,0.4943584360875532,5.096674700601476,3.8166199655343367
M3_SHUFFLED,4,2,random,12,0.4302359319867477,6.062459592038222,4.528272552132527
M3_SHUFFLED,4,2,random,13,0.4542618845188472,14.665003836038997,13.891419173879768
M3_SHUFFLED,4,2,random,14,0.5278149787290982,4.761274584852657,4.114064214782479
M3_SHUFFLED,4,2,random,15,0.5160019918901463,5.120599044811064,3.840740031964744
M3_SHUFFLED,4,2,random,16,0.5094296516537773,9.448674281570812,8.431408809542857
M3_SHUFFLED,4,2,random,17,0.5090005232807658,5.160286291311096,4.5226393677393695
M3_SHUFFLED,4,2,random,18,0.4935534800757953,10.353753141462144,9.338449421172454
M3_SHUFFLED,4,2,random,19,0.4754527438129013,7.197240134738493,6.284682671390137
M3_SHUFFLED,4,2,top,-1,0.4605988774224321,7.936605404551821,6.932927054612326
M3_SHUFFLED,4,2,bottom,-1,0.5061416838414488,4.71454698627944,4.043163182714619
M3_SHUFFLED,4,2,reference_prior_top,-1,0.4824965760144425,4.901046611409587,3.810298183975706
M3_SHUFFLED,4,3,random,0,0.4866763080393389,4.76974987881004,4.223615742006361
M3_SHUFFLED,4,3,random,1,0.4571934016210411,4.673072594583847,4.054822429755168
M3_SHUFFLED,4,3,random,2,0.3995776579134589,4.706191550652591,4.079636987963328
M3_SHUFFLED,4,3,random,3,0.4658942624580646,4.775829902838504,4.232907743945303
M3_SHUFFLED,4,3,random,4,0.495478071131587,4.950300158896222,4.390456923400315
M3_SHUFFLED,4,3,random,5,0.4542596600774449,4.685773520271759,4.041123645923816
M3_SHUFFLED,4,3,random,6,0.4416771360709918,4.683036604265743,4.098231891559627
M3_SHUFFLED,4,3,random,7,0.4758129820094322,4.664949035718769,4.024275372851393
M3_SHUFFLED,4,3,random,8,0.4869445975631987,4.735286631908435,3.93270888404842
M3_SHUFFLED,4,3,random,9,0.472868227620622,4.989144714157258,4.436458525328172
M3_SHUFFLED,4,3,random,10,0.4808095160026132,4.783276719326469,4.248478369390983
M3_SHUFFLED,4,3,random,11,0.4378170936639244,4.793864995397427,4.259283275488435
M3_SHUFFLED,4,3,random,12,0.4357694632424936,4.718341352733532,3.996737489296068
M3_SHUFFLED,4,3,random,13,0.4796803775167789,4.646508634118496,3.955522650706908
M3_SHUFFLED,4,3,random,14,0.4573542353490958,5.561740386033764,4.884668253147274
M3_SHUFFLED,4,3,random,15,0.4337585147564199,4.76443317619007,4.222509594143236
M3_SHUFFLED,4,3,random,16,0.4772082950010028,4.797209451692339,4.265356591886139
M3_SHUFFLED,4,3,random,17,0.4626733194620324,4.686629152633194,4.129600799791583
M3_SHUFFLED,4,3,random,18,0.4343902010774219,4.689732359735687,4.095276916925887
M3_SHUFFLED,4,3,random,19,0.4855111822721747,4.687295520358413,4.146578693797047
M3_SHUFFLED,4,3,top,-1,0.4480824631659584,4.712169724506545,4.108893263775214
M3_SHUFFLED,4,3,bottom,-1,0.4981325621458654,4.700291884863201,4.137551443595547
M3_SHUFFLED,4,3,reference_prior_top,-1,0.5140299817683032,4.707327375766479,3.9121351046119113
M3_SHUFFLED,4,4,random,0,0.3580083087881465,4.579983054243608,4.0664317887749775
M3_SHUFFLED,4,4,random,1,0.3883044979855126,4.966264411697527,4.357347000973326
M3_SHUFFLED,4,4,random,2,0.3386683208533942,5.511416463846246,4.833022507789681
M3_SHUFFLED,4,4,random,3,0.3869478848046428,4.622235484572624,4.101004706457468
M3_SHUFFLED,4,4,random,4,0.3815154406182188,5.443084274912196,4.762986962952347
M3_SHUFFLED,4,4,random,5,0.3707871822970743,4.403008937829364,3.856168934024288
M3_SHUFFLED,4,4,random,6,0.3477804435830777,5.060515172331156,3.833178966236555
M3_SHUFFLED,4,4,random,7,0.3786340328370691,4.847429507470809,4.290496147079746
M3_SHUFFLED,4,4,random,8,0.4100682181154687,4.729614754810681,4.1942113287021545
M3_SHUFFLED,4,4,random,9,0.4089646311992683,5.537629515997155,4.838513831321521
M3_SHUFFLED,4,4,random,10,0.3780126644742983,4.99502989677765,4.396345685940669
M3_SHUFFLED,4,4,random,11,0.3719206245478775,5.388673644942838,4.716410842724656
M3_SHUFFLED,4,4,random,12,0.3784929129268258,4.532455457754085,4.027487004472068
M3_SHUFFLED,4,4,random,13,0.3956796972206141,4.958656526737901,4.369610610020293
M3_SHUFFLED,4,4,random,14,0.368488331182164,4.922495869773107,4.334926427231509
M3_SHUFFLED,4,4,random,15,0.3703065106112943,5.280436704650331,4.610136040060599
M3_SHUFFLED,4,4,random,16,0.3289050599114766,4.515599843261553,4.0009747036784455
M3_SHUFFLED,4,4,random,17,0.3189180068415653,4.631056132788752,3.708235353484152
M3_SHUFFLED,4,4,random,18,0.3651734332115345,4.380374508141708,3.814832797631068
M3_SHUFFLED,4,4,random,19,0.3022231775436519,4.574603907258137,4.070178588402353
M3_SHUFFLED,4,4,top,-1,0.3605951859391622,5.27899606194035,4.631706037875125
M3_SHUFFLED,4,4,bottom,-1,0.3205486365141904,4.539975952722583,4.015255865283406
M3_SHUFFLED,4,4,reference_prior_top,-1,0.3630540234421339,4.690213172058916,4.144762966685212
